movie,year,genres,runtime_minutes,averagerating,numvotes,studio,domestic_gross,foreign_gross
Wazir,2016,"['Action', 'Crime', 'Drama']",103.0,7.1,15378,Relbig.,1100000.0,0.0
On the Road,2012,"['Adventure', 'Drama', 'Romance']",124.0,6.1,37886,IFC,744000.0,8000000.0
The Secret Life of Walter Mitty,2013,"['Adventure', 'Comedy', 'Drama']",114.0,7.3,275300,Fox,58200000.0,129900000.0
A Walk Among the Tombstones,2014,"['Action', 'Crime', 'Drama']",114.0,6.5,105116,Uni.,26300000.0,26900000.0
Jurassic World,2015,"['Action', 'Adventure', 'Sci-Fi']",124.0,7.0,539338,Uni.,652300000.0,1019.4
Spy,2011,"['Action', 'Crime', 'Drama']",110.0,6.6,78,Fox,110800000.0,124800000.0
The Rum Diary,2011,"['Comedy', 'Drama']",119.0,6.2,94787,FD,13100000.0,10800000.0
American Pastoral,2016,"['Crime', 'Drama']",108.0,6.1,12898,LGF,544000.0,0.0
The Three Stooges,2012,"['Comedy', 'Family']",92.0,5.1,28570,Fox,44300000.0,10500000.0
Tangled,2010,"['Adventure', 'Animation', 'Comedy']",100.0,7.8,366366,BV,200800000.0,391000000.0
John Carter,2012,"['Action', 'Adventure', 'Sci-Fi']",132.0,6.6,241792,BV,73100000.0,211100000.0
In Secret,2013,"['Crime', 'Drama', 'Thriller']",107.0,6.2,7045,RAtt.,444000.0,0.0
Cowboys & Aliens,2011,"['Action', 'Sci-Fi', 'Thriller']",119.0,6.0,195889,Uni.,100200000.0,74600000.0
Disconnect,2010,"['Drama', 'Mystery', 'Sci-Fi']",112.0,4.5,190,LD,1400000.0,0.0
The Stanford Prison Experiment,2015,"['Biography', 'Drama', 'History']",122.0,6.9,32591,IFC,661000.0,0.0
Dinner for Schmucks,2010,['Comedy'],114.0,5.9,91546,P/DW,73000000.0,13800000.0
The A-Team,2010,"['Action', 'Adventure', 'Thriller']",117.0,6.8,235256,Fox,77200000.0,100000000.0
The Possession,2012,"['Horror', 'Mystery', 'Thriller']",92.0,5.9,53649,LGF,49100000.0,36300000.0
Real Steel,2011,"['Action', 'Drama', 'Family']",127.0,7.1,283534,BV,85500000.0,213800000.0
The Giver,2014,"['Drama', 'Romance', 'Sci-Fi']",97.0,6.5,104999,Wein.,45100000.0,21900000.0
Toy Story 3,2010,"['Adventure', 'Animation', 'Comedy']",103.0,8.3,682218,BV,415000000.0,652000000.0
Lincoln,2012,"['Biography', 'Drama', 'History']",150.0,7.4,228701,BV,182200000.0,93100000.0
Before We Go,2014,"['Comedy', 'Drama', 'Romance']",95.0,6.8,45181,RTWC,37200.0,0.0
Scott Pilgrim vs. the World,2010,"['Action', 'Comedy', 'Fantasy']",112.0,7.5,339338,Uni.,31500000.0,16100000.0
Puss in Boots,2011,"['Action', 'Adventure', 'Animation']",90.0,6.6,133355,P/DW,149300000.0,405700000.0
Wonder Woman,2017,"['Action', 'Adventure', 'Fantasy']",141.0,7.5,487527,WB,412600000.0,409300000.0
Life of Pi,2012,"['Adventure', 'Drama', 'Fantasy']",127.0,7.9,535836,Fox,125000000.0,484000000.0
Being Flynn,2012,['Drama'],102.0,6.4,15780,Focus,540000.0,0.0
The Crazies,2010,"['Horror', 'Thriller']",101.0,6.5,104465,Over.,39100000.0,15700000.0
The Equalizer,2014,"['Action', 'Crime', 'Thriller']",132.0,7.2,302302,Sony,101500000.0,90800000.0
Captain America: The First Avenger,2011,"['Action', 'Adventure', 'Sci-Fi']",124.0,6.9,668137,Par.,176700000.0,193900000.0
A Long Way Down,2014,"['Comedy', 'Drama']",96.0,6.4,29260,Magn.,13300.0,7200000.0
The Only Living Boy in New York,2017,['Drama'],89.0,6.3,8727,RAtt.,624000.0,1900000.0
Saving Private Perez,2011,"['Adventure', 'Comedy', 'Western']",105.0,6.0,1727,LGF,1400000.0,7900000.0
High-Rise,2015,"['Drama', 'Horror', 'Sci-Fi']",119.0,5.6,33746,Magn.,346000.0,0.0
Piranha 3D,2010,"['Comedy', 'Horror']",88.0,5.4,81327,W/Dim.,25000000.0,58200000.0
Margaret,2011,['Drama'],150.0,6.5,14708,FoxS,46500.0,0.0
Ex Machina,2014,"['Drama', 'Mystery', 'Sci-Fi']",108.0,7.7,424542,A24,25400000.0,11400000.0
Tower Heist,2011,"['Action', 'Comedy', 'Crime']",104.0,6.2,125102,Uni.,78000000.0,74900000.0
The Smurfs,2011,"['Adventure', 'Animation', 'Comedy']",103.0,5.5,77577,Sony,142600000.0,421100000.0
The Mechanic,2011,"['Action', 'Crime', 'Thriller']",93.0,6.6,141254,CBS,29100000.0,47000000.0
Prince of Persia: The Sands of Time,2010,"['Action', 'Adventure', 'Fantasy']",116.0,6.6,254975,BV,90800000.0,245600000.0
"Hail, Caesar!",2016,"['Comedy', 'Drama', 'Music']",106.0,6.3,111422,Uni.,30500000.0,33100000.0
Unstoppable,2010,"['Action', 'Thriller']",98.0,6.8,173019,Fox,81600000.0,86200000.0
Extremely Loud & Incredibly Close,2011,"['Adventure', 'Drama', 'Mystery']",129.0,6.9,93164,WB,31800000.0,23400000.0
The Tree of Life,2011,"['Drama', 'Fantasy']",139.0,6.8,156266,FoxS,13300000.0,41000000.0
Ant-Man,2015,"['Action', 'Adventure', 'Comedy']",117.0,7.3,501213,BV,180200000.0,339100000.0
Season of the Witch,2011,"['Action', 'Adventure', 'Fantasy']",95.0,5.4,85777,Rela.,24800000.0,66800000.0
The Losers,2010,"['Action', 'Adventure', 'Crime']",97.0,6.4,83876,WB,23600000.0,5800000.0
Hall Pass,2011,"['Comedy', 'Romance']",105.0,5.9,113775,WB (NL),45100000.0,38100000.0
The Croods,2013,"['Action', 'Adventure', 'Animation']",98.0,7.2,176699,Fox,187200000.0,400000000.0
Red Tails,2012,"['Action', 'Adventure', 'Drama']",125.0,5.9,31815,Fox,49900000.0,489000.0
Something Borrowed,2011,"['Comedy', 'Drama', 'Romance']",112.0,5.9,54314,WB,39000000.0,21100000.0
Suburbicon,2017,"['Comedy', 'Crime', 'Drama']",105.0,5.6,31294,Par.,5800000.0,0.0
Tulip Fever,2017,"['Drama', 'History', 'Romance']",105.0,6.2,15037,Wein.,2500000.0,5900000.0
Furry Vengeance,2010,"['Comedy', 'Family']",92.0,3.8,14700,Sum.,17600000.0,18600000.0
CHIPS,2017,"['Action', 'Comedy', 'Crime']",100.0,6.0,37029,WB,18600000.0,8199999.0
Ramona and Beezus,2010,"['Adventure', 'Comedy', 'Family']",103.0,6.6,16086,Fox,26200000.0,1100000.0
The Hero of Color City,2014,"['Animation', 'Family']",77.0,4.0,431,Magn.,32200.0,0.0
Rings,2017,"['Drama', 'Horror', 'Mystery']",102.0,4.5,34151,Par.,27800000.0,55300000.0
A Thousand Words,2012,"['Comedy', 'Drama']",91.0,5.9,36387,P/DW,18500000.0,3600000.0
Escape from Planet Earth,2013,"['Adventure', 'Animation', 'Comedy']",89.0,5.9,23298,Wein.,57000000.0,17600000.0
What's Your Number?,2011,"['Comedy', 'Romance']",106.0,6.1,67922,Fox,14000000.0,16399999.0
Samsara,2011,"['Documentary', 'Music']",102.0,8.5,29725,Osci.,2700000.0,0.0
Man of Steel,2013,"['Action', 'Adventure', 'Sci-Fi']",143.0,7.1,647288,WB,291000000.0,377000000.0
The Wolfman,2010,"['Drama', 'Fantasy', 'Horror']",103.0,5.8,97873,Uni.,62000000.0,77800000.0
The Boxtrolls,2014,"['Adventure', 'Animation', 'Comedy']",96.0,6.8,50763,Focus,50800000.0,58400000.0
The Man Who Knew Infinity,2015,"['Biography', 'Drama']",108.0,7.2,43575,IFC,3900000.0,8400000.0
The Incredible Burt Wonderstone,2013,"['Adventure', 'Comedy', 'Fantasy']",100.0,5.9,67549,WB (NL),22500000.0,4900000.0
Dallas Buyers Club,2013,"['Biography', 'Drama']",117.0,8.0,402462,Focus,27300000.0,27900000.0
The First Grader,2010,"['Biography', 'Drama', 'Romance']",103.0,7.5,4052,NGE,332000.0,382000.0
Jack Reacher,2012,"['Action', 'Crime', 'Thriller']",130.0,7.0,284547,Par.,80100000.0,138300000.0
R.I.P.D.,2013,"['Action', 'Adventure', 'Comedy']",96.0,5.6,109078,Uni.,33600000.0,44700000.0
Miles Ahead,2015,"['Biography', 'Drama', 'Music']",100.0,6.4,8498,SPC,2600000.0,850000.0
Scary Movie 5,2013,['Comedy'],86.0,3.5,60139,W/Dim.,32000000.0,46400000.0
The Guardians,2010,"['Comedy', 'Family']",88.0,7.8,68,MBox,177000.0,0.0
Thor,2011,"['Action', 'Adventure', 'Fantasy']",115.0,7.0,683264,Par.,181000000.0,268300000.0
Warcraft,2016,"['Action', 'Adventure', 'Fantasy']",123.0,6.9,225557,Uni.,47400000.0,386300000.0
It's Kind of a Funny Story,2010,"['Comedy', 'Drama', 'Romance']",101.0,7.1,125583,Focus,6400000.0,128000.0
The Mule,2013,"['Comedy', 'Drama']",100.0,6.2,653,WB,103800000.0,68700000.0
Tooth Fairy,2010,"['Comedy', 'Family', 'Fantasy']",101.0,5.0,37939,Fox,60000000.0,52400000.0
The Danish Girl,2015,"['Biography', 'Drama', 'Romance']",119.0,7.1,146873,Focus,11100000.0,53100000.0
Jack and Jill,2011,['Comedy'],91.0,3.3,71361,Sony,74200000.0,75500000.0
Take Me Home Tonight,2011,"['Comedy', 'Drama', 'Romance']",97.0,6.3,48393,Rela.,6900000.0,0.0
Percy Jackson & the Olympians: The Lightning Thief,2010,"['Adventure', 'Family', 'Fantasy']",118.0,5.9,165108,Fox,88800000.0,137700000.0
She's Out of My League,2010,"['Comedy', 'Romance']",104.0,6.4,117245,Par.,32000000.0,17800000.0
The Book Thief,2013,"['Drama', 'War']",131.0,7.6,119023,Fox,21500000.0,55100000.0
Interstellar,2014,"['Adventure', 'Drama', 'Sci-Fi']",169.0,8.6,1299334,Par.,188000000.0,489400000.0
World War Z,2013,"['Action', 'Adventure', 'Horror']",116.0,7.0,553751,Par.,202400000.0,337600000.0
Flipped,2010,"['Comedy', 'Drama', 'Romance']",90.0,7.7,74937,WB,1800000.0,0.0
Valentine's Day,2010,"['Comedy', 'Romance']",125.0,5.7,107171,WB (NL),110500000.0,106000000.0
Priest,2011,"['Action', 'Adventure', 'Fantasy']",87.0,5.7,108320,SGem,29100000.0,49200000.0
Dracula Untold,2014,"['Action', 'Drama', 'Fantasy']",92.0,6.3,164829,Uni.,56300000.0,160800000.0
The Babymakers,2012,['Comedy'],95.0,5.0,8147,MNE,7900.0,0.0
Hotel Transylvania,2012,"['Animation', 'Comedy', 'Family']",91.0,7.1,204571,Sony,148300000.0,210100000.0
The Town,2010,"['Crime', 'Drama', 'Thriller']",125.0,7.6,322524,WB,92200000.0,61800000.0
The Kids Are All Right,2010,"['Comedy', 'Drama', 'Romance']",106.0,7.0,120656,Focus,20800000.0,13900000.0
Hoodwinked Too! Hood vs. Evil,2011,"['Animation', 'Comedy', 'Crime']",86.0,4.8,11281,Wein.,10100000.0,6800000.0
Epic,2013,"['Adventure', 'Animation', 'Family']",102.0,6.7,95318,Fox,107500000.0,160900000.0
Risen,2010,"['Biography', 'Drama']",121.0,5.3,182,Sony,36900000.0,9200000.0
The Sweeney,2012,"['Action', 'Crime', 'Drama']",112.0,6.1,18095,EOne,26700.0,6300000.0
Evangelion: 3.0 You Can (Not) Redo,2012,"['Action', 'Animation', 'Drama']",96.0,7.0,8215,Elev.,175000.0,60300000.0
Mr. Peabody & Sherman,2014,"['Adventure', 'Animation', 'Comedy']",92.0,6.8,57277,Fox,111500000.0,164200000.0
My Soul to Take,2010,"['Horror', 'Mystery', 'Thriller']",107.0,4.8,18381,Uni.,14700000.0,6200000.0
Red State,2011,"['Action', 'Crime', 'Horror']",88.0,6.2,59266,SMod,1100000.0,0.0
Please Give,2010,"['Comedy', 'Drama']",87.0,6.6,10652,SPC,4000000.0,280000.0
Eat Pray Love,2010,"['Drama', 'Romance']",133.0,5.8,77709,Sony,80600000.0,124000000.0
Sanctum,2011,"['Adventure', 'Drama', 'Thriller']",108.0,5.9,51318,Uni.,23200000.0,85400000.0
Snitch,2013,"['Action', 'Drama', 'Thriller']",112.0,6.5,78142,LG/S,42900000.0,0.0
Legends of Oz: Dorothy's Return,2013,"['Adventure', 'Animation', 'Family']",88.0,5.5,5351,CE,8500000.0,10200000.0
The Wedding Ringer,2015,['Comedy'],101.0,6.7,66893,SGem,64500000.0,15300000.0
The Switch,2010,"['Comedy', 'Drama', 'Romance']",101.0,6.1,90661,Mira.,27800000.0,22100000.0
Letters to Juliet,2010,"['Adventure', 'Comedy', 'Drama']",105.0,6.6,86137,Sum.,53000000.0,26100000.0
How to Train Your Dragon,2010,"['Action', 'Adventure', 'Animation']",98.0,8.1,611299,P/DW,217600000.0,277300000.0
Shrek Forever After,2010,"['Adventure', 'Animation', 'Comedy']",93.0,6.3,167532,P/DW,238700000.0,513900000.0
From Prada to Nada,2011,"['Comedy', 'Drama', 'Romance']",107.0,5.6,13644,LGF,3000000.0,123000.0
The Whistleblower,2010,"['Action', 'Biography', 'Crime']",112.0,7.2,29826,Gold.,1100000.0,0.0
The Hobbit: An Unexpected Journey,2012,"['Adventure', 'Family', 'Fantasy']",169.0,7.9,719629,WB (NL),303000000.0,718100000.0
Love & Mercy,2014,"['Biography', 'Drama', 'Music']",121.0,7.4,32238,RAtt.,12600000.0,16100000.0
The Legend of Tarzan,2016,"['Action', 'Adventure', 'Drama']",110.0,6.3,150154,WB,126600000.0,230100000.0
Rabbit Hole,2010,['Drama'],91.0,7.0,45357,LGF,2200000.0,2900000.0
The Last Airbender,2010,"['Action', 'Adventure', 'Family']",103.0,4.1,137734,Par.,131800000.0,187900000.0
Salt,2010,"['Action', 'Mystery', 'Thriller']",100.0,6.4,277204,Sony,118300000.0,175200000.0
Source Code,2011,"['Action', 'Drama', 'Sci-Fi']",93.0,7.5,452036,Sum.,54700000.0,92600000.0
Black Swan,2010,"['Drama', 'Thriller']",108.0,8.0,648854,FoxS,107000000.0,222400000.0
Green Zone,2010,"['Action', 'Drama', 'Thriller']",115.0,6.8,122132,Uni.,35100000.0,59800000.0
The Amazing Spider-Man,2012,"['Action', 'Adventure', 'Sci-Fi']",136.0,7.0,525632,Sony,262000000.0,495900000.0
The Killer Inside Me,2010,"['Crime', 'Drama', 'Horror']",109.0,6.1,31727,IFC,217000.0,3800000.0
Robin Hood,2010,"['Action', 'Adventure', 'Drama']",140.0,6.6,239480,Uni.,105300000.0,216400000.0
The Sorcerer's Apprentice,2010,"['Action', 'Adventure', 'Family']",109.0,6.1,143862,BV,63200000.0,152100000.0
The Fighter,2010,"['Biography', 'Drama', 'Sport']",116.0,7.8,316539,Par.,93600000.0,35600000.0
The Conspirator,2010,"['Crime', 'Drama', 'History']",122.0,6.9,26416,RAtt.,11500000.0,3900000.0
Hugo,2011,"['Adventure', 'Drama', 'Family']",126.0,7.5,284869,Par.,73900000.0,111900000.0
Little Fockers,2010,"['Comedy', 'Romance']",98.0,5.5,99222,Uni.,148400000.0,162200000.0
Justice League,2017,"['Action', 'Adventure', 'Fantasy']",120.0,6.5,329135,WB,229000000.0,428900000.0
Hitchcock,2012,"['Biography', 'Comedy', 'Drama']",98.0,6.8,68315,FoxS,6000000.0,17600000.0
Sucker Punch,2011,"['Action', 'Adventure', 'Fantasy']",110.0,6.1,218371,WB,36400000.0,53400000.0
The Chronicles of Narnia: The Voyage of the Dawn Treader,2010,"['Adventure', 'Family', 'Fantasy']",113.0,6.3,129663,Fox,104400000.0,311300000.0
The Adventures of Tintin,2011,"['Action', 'Adventure', 'Animation']",107.0,7.3,202430,Par.,77600000.0,296400000.0
Machete,2010,"['Action', 'Crime', 'Thriller']",105.0,6.6,182320,Fox,26600000.0,17500000.0
Dear John,2010,"['Drama', 'Romance', 'War']",108.0,6.3,128657,SGem,80000000.0,35000000.0
The Green Hornet,2011,"['Action', 'Comedy', 'Crime']",119.0,5.8,148622,Sony,98800000.0,129000000.0
Hanna,2011,"['Action', 'Drama', 'Thriller']",111.0,6.8,179178,Focus,40300000.0,23500000.0
The Wolf of Wall Street,2013,"['Biography', 'Crime', 'Drama']",180.0,8.2,1035358,Par.,116900000.0,275100000.0
Megamind,2010,"['Action', 'Animation', 'Comedy']",95.0,7.3,207488,P/DW,148400000.0,173500000.0
The Young Messiah,2016,"['Drama', 'Fantasy']",111.0,5.6,2882,Focus,6500000.0,0.0
The Iron Lady,2011,"['Biography', 'Drama']",105.0,6.4,96066,Wein.,30000000.0,84900000.0
The Little Prince,2019,['Action'],93.0,8.3,6,EOne,1300000.0,96200000.0
Dylan Dog: Dead of Night,2010,"['Action', 'Comedy', 'Crime']",107.0,5.1,14120,OMNI/FSR,1200000.0,3400000.0
Child 44,2015,"['Crime', 'Drama', 'History']",137.0,6.5,59477,LG/S,1200000.0,11700000.0
The Runaways,2010,"['Biography', 'Drama', 'Music']",106.0,6.6,43792,App.,3600000.0,1100000.0
Selma,2014,"['Biography', 'Drama', 'History']",128.0,7.5,77633,Par.,52100000.0,14700000.0
Centurion,2010,"['Action', 'Adventure', 'Drama']",97.0,6.4,74085,Magn.,124000.0,6700000.0
Certified Copy,2010,"['Drama', 'Romance']",106.0,7.3,18210,IFC,1400000.0,4099999.0
Babies,2010,['Documentary'],79.0,7.1,6672,Focus,7300000.0,2200000.0
The Way Back,2010,"['Adventure', 'Drama', 'History']",133.0,7.3,102126,NM,2700000.0,17600000.0
Argo,2012,"['Biography', 'Drama', 'Thriller']",120.0,7.7,534683,WB,136000000.0,96300000.0
Wall Street: Money Never Sleeps,2010,['Drama'],133.0,6.2,93486,Fox,52500000.0,82300000.0
Secretariat,2010,"['Biography', 'Drama', 'Family']",123.0,7.2,24536,BV,59700000.0,537000.0
Krrish 3,2013,"['Action', 'Adventure', 'Sci-Fi']",152.0,5.3,18891,Eros,2200000.0,0.0
The Warrior's Way,2010,"['Action', 'Fantasy', 'Western']",100.0,6.3,24271,Rela.,5700000.0,5400000.0
The Descendants,2011,"['Comedy', 'Drama']",115.0,7.3,223464,FoxS,82600000.0,94700000.0
Iron Sky,2012,"['Action', 'Comedy', 'Sci-Fi']",93.0,5.9,87609,EOne,122000.0,8000000.0
The Eagle,2011,"['Action', 'Adventure', 'Drama']",114.0,6.2,61475,Focus,19500000.0,7600000.0
Suspiria,2018,"['Fantasy', 'Horror', 'Mystery']",152.0,6.8,37360,Amazon,2500000.0,5400000.0
The Book of Eli,2010,"['Action', 'Adventure', 'Drama']",118.0,6.9,271307,WB,94800000.0,62300000.0
The Bounty Hunter,2010,"['Action', 'Comedy', 'Romance']",110.0,5.6,112444,Sony,67099999.0,69300000.0
The Nutcracker in 3D,2010,"['Action', 'Family', 'Fantasy']",110.0,4.3,3119,Free,195000.0,16000000.0
The Legend of Hercules,2014,"['Action', 'Adventure', 'Fantasy']",99.0,4.2,50352,LG/S,18800000.0,42400000.0
Silver Linings Playbook,2012,"['Comedy', 'Drama', 'Romance']",122.0,7.7,621018,Wein.,132100000.0,104300000.0
Unfinished Song,2012,"['Comedy', 'Drama', 'Music']",90.0,7.0,6709,Wein.,1700000.0,5300000.0
Parental Guidance,2012,"['Comedy', 'Family']",105.0,6.1,23711,Fox,77300000.0,42500000.0
Howl,2010,"['Biography', 'Drama', 'Romance']",84.0,6.8,12096,Osci.,617000.0,566000.0
Goosebumps,2015,"['Adventure', 'Comedy', 'Family']",103.0,6.3,72858,Sony,80100000.0,70100000.0
Repo Men,2010,"['Action', 'Crime', 'Sci-Fi']",111.0,6.3,96144,Uni.,13800000.0,4600000.0
The Big Year,2011,['Comedy'],100.0,6.2,39522,Fox,7200000.0,244000.0
Life as We Know It,2010,"['Comedy', 'Drama', 'Romance']",114.0,6.6,113077,WB,53400000.0,52300000.0
Boyhood,2014,['Drama'],165.0,7.9,315584,IFC,25400000.0,19100000.0
Water for Elephants,2011,"['Drama', 'Romance']",120.0,6.9,105812,Fox,58700000.0,58400000.0
Adult World,2013,"['Comedy', 'Drama']",97.0,6.2,15924,IFC,25400.0,0.0
Monte Carlo,2011,"['Adventure', 'Comedy', 'Family']",109.0,5.8,38731,Fox,23200000.0,16500000.0
Ghost Rider: Spirit of Vengeance,2011,"['Action', 'Fantasy', 'Thriller']",96.0,4.3,103608,Sony,51800000.0,80800000.0
Winchester,2018,"['Biography', 'Drama', 'Fantasy']",99.0,5.4,24351,LGF,25100000.0,0.0
Skyfall,2012,"['Action', 'Adventure', 'Thriller']",143.0,7.8,592221,Sony,304400000.0,804200000.0
Jonah Hex,2010,"['Action', 'Drama', 'Fantasy']",81.0,4.7,51860,WB,10500000.0,356000.0
Dark Shadows,2012,"['Comedy', 'Fantasy', 'Horror']",113.0,6.2,229818,WB,79700000.0,165800000.0
Eddie the Eagle,2015,"['Biography', 'Comedy', 'Drama']",106.0,7.4,75331,Fox,15800000.0,30400000.0
Blended,2014,"['Comedy', 'Romance']",117.0,6.5,106491,WB,46300000.0,81700000.0
Lone Survivor,2013,"['Action', 'Biography', 'Drama']",121.0,7.5,246641,Uni.,125100000.0,29700000.0
Paul,2011,"['Adventure', 'Comedy', 'Sci-Fi']",104.0,7.0,220567,Uni.,37400000.0,60600000.0
Shanghai,2010,"['Crime', 'Drama', 'Mystery']",105.0,6.4,8662,Wein.,46400.0,9200000.0
The Darkest Hour,2011,"['Action', 'Adventure', 'Horror']",89.0,4.9,55071,Sum.,21400000.0,43200000.0
Foxcatcher,2014,"['Biography', 'Drama', 'Sport']",134.0,7.0,125954,SPC,12100000.0,0.0
Killers,2010,"['Action', 'Comedy', 'Romance']",100.0,5.4,82237,LGF,47100000.0,51100000.0
Eva,2010,['Drama'],111.0,5.4,334,Wein.,16700.0,0.0
Dirty Girl,2010,"['Comedy', 'Drama']",90.0,6.5,10038,Wein.,55100.0,0.0
Paddington,2014,"['Adventure', 'Comedy', 'Family']",95.0,7.2,84679,W/Dim.,76300000.0,191800000.0
Trance,2010,['Horror'],83.0,4.6,77,FoxS,2300000.0,21900000.0
Blue Valentine,2010,"['Drama', 'Romance']",112.0,7.4,170089,Wein.,9700000.0,2600000.0
Seventh Son,2014,"['Action', 'Adventure', 'Fantasy']",102.0,5.5,66565,Uni.,17200000.0,97000000.0
The Ides of March,2011,"['Drama', 'Thriller']",101.0,7.1,207417,Sony,41000000.0,35000000.0
Free State of Jones,2016,"['Action', 'Biography', 'Drama']",139.0,6.9,45135,STX,20800000.0,4200000.0
Big Eyes,2014,"['Biography', 'Crime', 'Drama']",106.0,7.0,77447,Wein.,14500000.0,14800000.0
Burlesque,2010,"['Drama', 'Music', 'Musical']",119.0,6.4,71021,SGem,39400000.0,50100000.0
Morning Glory,2010,"['Comedy', 'Drama', 'Romance']",107.0,6.5,67367,Par.,31000000.0,29000000.0
Shutter Island,2010,"['Mystery', 'Thriller']",138.0,8.1,1005960,Par.,128000000.0,166800000.0
2:22,2017,['Thriller'],98.0,5.8,16318,Magn.,400.0,0.0
Lay the Favorite,2012,"['Comedy', 'Drama', 'Romance']",94.0,4.8,10555,RTWC,21000.0,1600000.0
Green Lantern,2011,"['Action', 'Adventure', 'Sci-Fi']",114.0,5.5,252281,WB,116600000.0,103300000.0
Takers,2010,"['Action', 'Crime', 'Thriller']",107.0,6.2,53377,SGem,57700000.0,11300000.0
A Tale of Love and Darkness,2015,"['Biography', 'Drama', 'History']",95.0,6.0,3056,FCW,572000.0,0.0
The Ghost Writer,2010,"['Drama', 'Mystery', 'Thriller']",128.0,7.2,148274,Sum.,15500000.0,44700000.0
Frankenweenie,2012,"['Animation', 'Comedy', 'Family']",87.0,7.0,89489,BV,35300000.0,46200000.0
Holy Rollers,2010,"['Biography', 'Crime', 'Drama']",89.0,5.9,4664,FInd.,303000.0,305000.0
Beastly,2011,"['Drama', 'Fantasy', 'Romance']",86.0,5.6,72599,CBS,27900000.0,15300000.0
Freakonomics,2010,['Documentary'],93.0,6.4,6466,Magn.,101000.0,16400.0
The Joneses,2011,"['Comedy', 'Drama']",117.0,6.9,87,RAtt.,1500000.0,5500000.0
The Karate Kid,2010,"['Action', 'Drama', 'Family']",140.0,6.2,146401,Sony,176600000.0,182500000.0
Cheerful Weather for the Wedding,2012,"['Comedy', 'Drama', 'Romance']",89.0,5.6,2048,IFC,2700.0,0.0
The Rite,2011,"['Drama', 'Horror', 'Mystery']",114.0,6.0,85604,WB (NL),33000000.0,63000000.0
Biutiful,2010,"['Drama', 'Romance']",148.0,7.5,80382,RAtt.,5100000.0,20000000.0
The Hobbit: The Desolation of Smaug,2013,"['Adventure', 'Fantasy']",161.0,7.8,565563,WB (NL),258399999.0,700000000.0
Baggage Claim,2013,['Comedy'],96.0,5.1,8296,FoxS,21600000.0,887000.0
Demolition,2015,"['Comedy', 'Drama']",101.0,7.0,78099,FoxS,2000000.0,0.0
The Company Men,2010,['Drama'],104.0,6.8,41139,Wein.,4400000.0,441000.0
The Myth of the American Sleepover,2010,"['Comedy', 'Drama', 'Romance']",96.0,6.3,3437,IFC,41000.0,0.0
All Good Things,2010,"['Crime', 'Drama', 'Mystery']",101.0,6.3,49684,Magn.,582000.0,62500.0
A Walk in the Woods,2015,"['Adventure', 'Biography', 'Comedy']",104.0,6.3,22033,BG,29500000.0,8000000.0
From Paris with Love,2010,"['Action', 'Crime', 'Thriller']",92.0,6.5,107079,LGF,24100000.0,28700000.0
10 Cloverfield Lane,2016,"['Drama', 'Horror', 'Mystery']",103.0,7.2,260383,Par.,72100000.0,38100000.0
Black Death,2010,"['Action', 'Adventure', 'Drama']",102.0,6.4,41103,Magn.,22600.0,243000.0
You Will Meet a Tall Dark Stranger,2010,"['Comedy', 'Drama', 'Romance']",98.0,6.3,41608,SPC,3200000.0,31000000.0
Marley,2012,"['Biography', 'Documentary', 'Music']",144.0,8.0,12503,Magn.,1400000.0,0.0
Welcome to the Rileys,2010,['Drama'],110.0,7.0,22210,Gold.,159000.0,158000.0
When in Rome,2010,"['Comedy', 'Romance']",91.0,5.6,57396,BV,32700000.0,10400000.0
Jai Ho,2014,"['Action', 'Drama']",135.0,5.3,15531,Eros,1300000.0,0.0
My Name Is Khan,2010,['Drama'],165.0,8.0,90988,FoxS,4000000.0,38300000.0
The Skin I Live In,2011,"['Drama', 'Horror', 'Thriller']",120.0,7.6,123434,SPC,3200000.0,27700000.0
The Lincoln Lawyer,2011,"['Crime', 'Drama', 'Thriller']",118.0,7.3,196109,LGF,58000000.0,17000000.0
Rango,2011,"['Adventure', 'Animation', 'Comedy']",107.0,7.2,215761,Par.,123500000.0,122200000.0
The Bourne Legacy,2012,"['Action', 'Adventure', 'Thriller']",135.0,6.7,268678,Uni.,113200000.0,162900000.0
Casino Jack,2010,"['Biography', 'Comedy', 'Crime']",108.0,6.2,16191,ATO,1000000.0,40700.0
The Five-Year Engagement,2012,"['Comedy', 'Romance']",124.0,6.2,88469,Uni.,28800000.0,25100000.0
Diary of a Wimpy Kid,2010,"['Comedy', 'Drama', 'Family']",94.0,6.2,38640,Fox,64000000.0,11700000.0
Inhale,2010,"['Drama', 'Thriller']",83.0,6.6,6006,IFC,4100.0,51000.0
Charlie Countryman,2013,"['Comedy', 'Drama', 'Romance']",103.0,6.4,25356,MNE,11700.0,0.0
One Chance,2013,"['Biography', 'Comedy', 'Drama']",103.0,6.8,10677,Wein.,101000.0,10800000.0
Kites,2010,"['Action', 'Drama', 'Romance']",123.0,6.1,11353,Relbig.,1600000.0,1300000.0
You're Not You,2014,['Drama'],102.0,7.4,22156,EOne,11500.0,0.0
Tyrannosaur,2011,['Drama'],92.0,7.6,28454,Strand,22300.0,0.0
The Muppets,2011,"['Adventure', 'Comedy', 'Family']",103.0,7.1,82752,BV,88600000.0,76600000.0
Last Vegas,2013,"['Comedy', 'Drama']",105.0,6.6,121409,CBS,63900000.0,70500000.0
Ouija,2014,"['Horror', 'Mystery', 'Thriller']",89.0,4.5,44054,Uni.,50900000.0,52700000.0
Jack Ryan: Shadow Recruit,2014,"['Action', 'Drama', 'Thriller']",105.0,6.2,114913,Par.,50600000.0,84900000.0
Out of the Furnace,2013,"['Crime', 'Drama', 'Thriller']",116.0,6.8,99037,Rela.,11300000.0,4300000.0
Moneyball,2011,"['Biography', 'Drama', 'Sport']",133.0,7.6,326657,Sony,75600000.0,34600000.0
The Lone Ranger,2013,"['Action', 'Adventure', 'Western']",150.0,6.4,208827,BV,89300000.0,171200000.0
Doctor Strange,2016,"['Action', 'Adventure', 'Fantasy']",115.0,7.5,514510,BV,232600000.0,445100000.0
Escape Plan,2013,"['Action', 'Crime', 'Mystery']",115.0,6.7,211587,LG/S,25100000.0,112200000.0
Hereafter,2010,"['Drama', 'Fantasy', 'Romance']",129.0,6.5,87288,WB,32700000.0,72500000.0
The Lost City of Z,2016,"['Adventure', 'Biography', 'Drama']",141.0,6.6,66475,BST,8600000.0,10700000.0
The Back-up Plan,2010,"['Comedy', 'Romance']",104.0,5.4,46128,CBS,37500000.0,40000000.0
Lawless,2012,"['Crime', 'Drama']",116.0,7.3,214055,Wein.,37400000.0,16300000.0
An Invisible Sign,2010,"['Comedy', 'Drama', 'Family']",96.0,5.4,3789,IFC,1300.0,0.0
Alpha and Omega,2010,"['Adventure', 'Animation', 'Comedy']",90.0,5.3,12463,LGF,25100000.0,25400000.0
First Man,2018,"['Biography', 'Drama', 'History']",141.0,7.4,120009,Uni.,44900000.0,60800000.0
London Boulevard,2010,"['Crime', 'Drama']",103.0,6.2,44610,IFC,16100.0,4600000.0
The World's End,2013,"['Action', 'Comedy', 'Sci-Fi']",109.0,7.0,235308,Focus,26000000.0,20100000.0
Seeking Justice,2011,"['Action', 'Crime', 'Drama']",105.0,6.2,42846,Anch.,412000.0,11900000.0
Cars 2,2011,"['Adventure', 'Animation', 'Comedy']",106.0,6.2,138914,BV,191500000.0,370700000.0
Kill the Messenger,2014,"['Biography', 'Crime', 'Drama']",112.0,7.0,41231,Focus,2500000.0,0.0
Leap Year,2010,"['Comedy', 'Romance']",100.0,6.5,86125,Uni.,25900000.0,6700000.0
Brave,2012,"['Adventure', 'Animation', 'Comedy']",93.0,7.1,338728,BV,237300000.0,303200000.0
Limitless,2011,"['Mystery', 'Sci-Fi', 'Thriller']",105.0,7.4,492490,Rela.,79200000.0,82600000.0
Legend of the Guardians: The Owls of Ga'Hoole,2010,"['Action', 'Adventure', 'Animation']",97.0,7.0,73790,WB,55700000.0,84400000.0
Resident Evil: Afterlife,2010,"['Action', 'Adventure', 'Horror']",96.0,5.9,153270,SGem,60100000.0,240100000.0
Henry's Crime,2010,"['Comedy', 'Crime', 'Drama']",108.0,6.0,17764,MPFT,103000.0,102000.0
Chimpanzee,2012,['Documentary'],78.0,7.2,5539,BV,29000000.0,5900000.0
Zookeeper,2011,"['Comedy', 'Family', 'Romance']",102.0,5.2,52396,Sony,80400000.0,89500000.0
African Cats,2011,"['Adventure', 'Documentary']",89.0,7.6,5784,BV,15400000.0,15400000.0
Get Him to the Greek,2010,"['Adventure', 'Comedy', 'Music']",109.0,6.4,161653,Uni.,61000000.0,30300000.0
A Late Quartet,2012,"['Drama', 'Music']",105.0,7.1,12974,EOne,1600000.0,0.0
Edge of Darkness,2010,"['Crime', 'Drama', 'Mystery']",117.0,6.6,84753,WB,43300000.0,37800000.0
The Debt,2010,"['Drama', 'Thriller']",113.0,6.9,61046,Focus,31200000.0,14500000.0
Beautiful Boy,2018,"['Biography', 'Drama']",120.0,7.3,30368,Anch.,77200.0,0.0
Iron Man 2,2010,"['Action', 'Adventure', 'Sci-Fi']",124.0,7.0,657690,Par.,312400000.0,311500000.0
Let Me In,2010,"['Drama', 'Fantasy', 'Horror']",116.0,7.1,107012,Over.,12100000.0,12000000.0
Mission: Impossible - Ghost Protocol,2011,"['Action', 'Adventure', 'Thriller']",132.0,7.4,428142,Par.,209400000.0,485300000.0
Anchorman 2: The Legend Continues,2013,['Comedy'],119.0,6.3,156116,Par.,125200000.0,46300000.0
Jane Eyre,2011,"['Drama', 'Romance']",120.0,7.4,74998,Focus,11200000.0,23500000.0
Due Date,2010,"['Adventure', 'Comedy']",95.0,6.5,303523,WB,100500000.0,111200000.0
A Good Old Fashioned Orgy,2011,"['Comedy', 'Romance']",95.0,6.2,19805,Gold.,200000.0,0.0
Hot Tub Time Machine,2010,"['Comedy', 'Sci-Fi']",101.0,6.4,153962,MGM,50300000.0,14300000.0
That's My Boy,2012,['Comedy'],116.0,5.6,83009,Sony,36900000.0,20800000.0
21 Jump Street,2012,"['Action', 'Comedy', 'Crime']",109.0,7.2,477771,Sony,138400000.0,63100000.0
Brighton Rock,2010,"['Crime', 'Drama', 'Thriller']",111.0,5.7,5784,IFC,230000.0,1600000.0
Greenberg,2010,"['Comedy', 'Drama', 'Romance']",107.0,6.1,33702,Focus,4200000.0,1900000.0
The Future,2011,"['Drama', 'Fantasy', 'Romance']",91.0,6.2,7648,RAtt.,569000.0,0.0
Wild Target,2010,"['Action', 'Comedy', 'Crime']",98.0,6.8,33915,Free,109000.0,3300000.0
Broken City,2013,"['Crime', 'Drama', 'Thriller']",109.0,6.2,71704,Fox,19700000.0,0.0
Chico & Rita,2010,"['Animation', 'Crime', 'Drama']",94.0,7.2,7992,GK,351000.0,1900000.0
Mysteries of Lisbon,2010,"['Drama', 'Mystery', 'Romance']",272.0,7.5,2928,MBox,111000.0,14900.0
Your Highness,2011,"['Adventure', 'Comedy', 'Fantasy']",102.0,5.5,92940,Uni.,21600000.0,3300000.0
I Spit on Your Grave,2010,"['Horror', 'Thriller']",108.0,6.3,68592,Anch.,93100.0,480000.0
We Need to Talk About Kevin,2011,"['Drama', 'Mystery', 'Thriller']",112.0,7.5,123619,Osci.,1700000.0,4300000.0
Bellflower,2011,"['Action', 'Drama', 'Romance']",106.0,6.4,7321,Osci.,168000.0,0.0
The Tourist,2010,"['Action', 'Adventure', 'Thriller']",103.0,6.0,206714,Sony,67600000.0,210700000.0
Aloha,2015,"['Comedy', 'Drama', 'Romance']",105.0,5.4,54646,Sony,21100000.0,5200000.0
Extraordinary Measures,2010,['Drama'],106.0,6.5,15673,CBS,12100000.0,3100000.0
Conviction,2010,"['Biography', 'Crime', 'Drama']",107.0,7.2,39771,FoxS,6800000.0,2900000.0
This Is the End,2013,"['Comedy', 'Fantasy']",107.0,6.6,360556,Sony,101500000.0,24600000.0
RED,2010,"['Action', 'Comedy', 'Crime']",111.0,7.1,271570,Sum.,90400000.0,108600000.0
Snatched,2011,['Comedy'],81.0,5.5,61,Fox,45900000.0,15000000.0
High School,2010,['Comedy'],99.0,5.8,7060,Anch.,139000.0,0.0
Serena,2014,"['Drama', 'History', 'Romance']",109.0,5.4,24288,Magn.,176000.0,4900000.0
Kick-Ass,2010,"['Action', 'Comedy']",117.0,7.6,497363,LGF,48100000.0,48100000.0
300: Rise of an Empire,2014,"['Action', 'Fantasy', 'War']",102.0,6.2,262978,WB,106600000.0,231000000.0
Immortals,2011,"['Action', 'Drama', 'Fantasy']",110.0,6.0,152992,Rela.,83500000.0,143400000.0
The Man with the Iron Fists,2012,['Action'],95.0,5.4,58185,Uni.,15600000.0,4099999.0
The Cabin in the Woods,2011,['Horror'],95.0,7.0,338445,LGF,42100000.0,24400000.0
Den of Thieves,2018,"['Action', 'Crime', 'Drama']",140.0,7.0,69648,STX,44900000.0,35600000.0
Sex and the City 2,2010,"['Comedy', 'Drama', 'Romance']",146.0,4.4,69199,WB (NL),95300000.0,193000000.0
Take Me Home,2011,"['Comedy', 'Romance']",97.0,6.8,6922,Mont.,15800.0,0.0
Scream 4,2011,"['Horror', 'Mystery']",111.0,6.2,118779,W/Dim.,38200000.0,59000000.0
The Roommate,2011,"['Drama', 'Thriller']",91.0,4.9,33062,SGem,37300000.0,3200000.0
Waste Land,2010,['Documentary'],99.0,7.9,8007,Arth.,188000.0,88700.0
A Very Harold & Kumar 3D Christmas,2011,"['Adventure', 'Comedy']",90.0,6.3,62151,WB,35100000.0,326000.0
The Devil's Double,2011,"['Biography', 'Drama', 'Thriller']",109.0,7.1,58342,LGF,1400000.0,0.0
Don't Be Afraid of the Dark,2010,"['Fantasy', 'Horror', 'Thriller']",99.0,5.6,44490,FD,24000000.0,12900000.0
X-Men: First Class,2011,"['Action', 'Adventure', 'Sci-Fi']",131.0,7.7,608930,Fox,146400000.0,207200000.0
Norwegian Wood,2010,"['Drama', 'Romance']",133.0,6.4,10226,RF,13000.0,17600000.0
2 Guns,2013,"['Action', 'Comedy', 'Crime']",109.0,6.7,182025,Uni.,75600000.0,56300000.0
The Spy Next Door,2010,"['Action', 'Comedy', 'Family']",94.0,5.5,36767,LGF,24300000.0,20900000.0
The Tempest,2010,"['Comedy', 'Drama', 'Fantasy']",110.0,5.4,7073,Mira.,278000.0,68700.0
Looper,2012,"['Action', 'Crime', 'Drama']",113.0,7.4,500595,TriS,66500000.0,110000000.0
A Royal Affair,2012,"['Biography', 'Drama', 'History']",137.0,7.6,40993,Magn.,1500000.0,6000000.0
Madagascar 3: Europe's Most Wanted,2012,"['Adventure', 'Animation', 'Comedy']",93.0,6.8,146858,P/DW,216400000.0,530500000.0
Jack Goes Boating,2010,"['Drama', 'Romance']",91.0,6.4,7644,Over.,542000.0,77600.0
Date Night,2010,"['Comedy', 'Crime', 'Romance']",88.0,6.3,144683,Fox,98700000.0,53600000.0
Easy A,2010,"['Comedy', 'Drama', 'Romance']",92.0,7.1,330125,SGem,58400000.0,16600000.0
Bad Teacher,2011,"['Comedy', 'Romance']",92.0,5.7,181189,Sony,100300000.0,115900000.0
The Social Network,2010,"['Biography', 'Drama']",120.0,7.7,568578,Sony,97000000.0,128000000.0
Don 2,2011,"['Action', 'Crime', 'Thriller']",148.0,7.1,46503,Relbig.,3700000.0,0.0
Cats & Dogs: The Revenge of Kitty Galore,2010,"['Action', 'Comedy', 'Family']",82.0,4.3,12642,WB,43600000.0,68900000.0
Poetry,2010,['Drama'],139.0,7.8,8682,Kino,356000.0,1900000.0
Raajneeti,2010,"['Crime', 'Drama']",163.0,7.2,15214,UTV,1500000.0,11100000.0
Warrior,2011,"['Drama', 'Sport']",140.0,8.2,403755,LGF,13700000.0,9400000.0
How to Be Single,2016,"['Comedy', 'Drama', 'Romance']",110.0,6.1,74329,WB (NL),46800000.0,65500000.0
Casting By,2012,['Documentary'],89.0,7.6,1360,SD,18200.0,0.0
As Good as Dead,2010,"['Crime', 'Thriller']",100.0,5.2,1441,First,2000.0,53600.0
The Last Song,2010,"['Drama', 'Music', 'Romance']",107.0,6.0,74914,BV,63000000.0,26100000.0
Last Night,2010,"['Drama', 'Romance']",93.0,6.6,44728,Trib.,99000.0,7600000.0
Eva,2011,"['Drama', 'Fantasy', 'Sci-Fi']",94.0,6.7,8938,Wein.,16700.0,0.0
The Watch,2012,"['Action', 'Comedy', 'Horror']",102.0,5.7,115757,Fox,35400000.0,32900000.0
Pirates of the Caribbean: On Stranger Tides,2011,"['Action', 'Adventure', 'Fantasy']",136.0,6.6,447624,BV,241100000.0,804600000.0
Iron Man 3,2013,"['Action', 'Adventure', 'Sci-Fi']",130.0,7.2,692794,BV,409000000.0,805800000.0
Kung Fu Panda 2,2011,"['Action', 'Adventure', 'Animation']",90.0,7.2,228465,P/DW,165200000.0,500400000.0
Yogi Bear,2010,"['Adventure', 'Animation', 'Comedy']",80.0,4.6,18934,WB,100200000.0,101300000.0
Our Family Wedding,2010,"['Comedy', 'Romance']",103.0,4.9,6417,FoxS,20300000.0,1200000.0
Mars Needs Moms,2011,"['Adventure', 'Animation', 'Family']",88.0,5.4,19823,BV,21400000.0,17600000.0
50/50,2011,"['Comedy', 'Drama', 'Romance']",100.0,7.7,300475,Sum.,35000000.0,4200000.0
Seeking a Friend for the End of the World,2012,"['Adventure', 'Comedy', 'Drama']",101.0,6.7,102047,Focus,7100000.0,2600000.0
The Taqwacores,2010,"['Drama', 'Music']",83.0,6.1,506,Strand,11400.0,0.0
The Happytime Murders,2018,"['Action', 'Comedy', 'Crime']",91.0,5.3,16988,STX,20700000.0,6800000.0
Bullet to the Head,2012,"['Action', 'Crime', 'Thriller']",92.0,5.7,44816,WB,9500000.0,0.0
Kill Your Darlings,2013,"['Biography', 'Drama', 'Romance']",104.0,6.5,32625,SPC,1000000.0,0.0
The Human Resources Manager,2010,"['Comedy', 'Drama']",103.0,6.6,1266,FM,64000.0,329000.0
Animal Kingdom,2010,"['Crime', 'Drama']",113.0,7.3,51576,SPC,1000000.0,5700000.0
The Oranges,2011,"['Comedy', 'Drama', 'Romance']",90.0,5.9,12028,ATO,366000.0,0.0
The Housemaid,2010,"['Drama', 'Thriller']",106.0,6.5,8295,IFC,158000.0,14600000.0
Devil,2010,"['Horror', 'Mystery', 'Thriller']",80.0,6.2,122080,Uni.,33600000.0,29100000.0
Cherry,2010,"['Comedy', 'Drama']",99.0,6.8,4158,Abr.,11400.0,0.0
The Turin Horse,2011,['Drama'],155.0,7.8,13459,CGld,56400.0,0.0
There Be Dragons,2011,"['Biography', 'Drama', 'War']",122.0,5.8,4326,Gold.,1100000.0,0.0
Wrecked,2010,"['Adventure', 'Drama', 'Mystery']",91.0,5.3,14324,IFC,8000.0,0.0
Rise of the Planet of the Apes,2011,"['Action', 'Drama', 'Sci-Fi']",105.0,7.6,473020,Fox,176800000.0,305000000.0
The Interrupters,2011,"['Crime', 'Documentary']",125.0,7.5,3327,CGld,282000.0,0.0
Burke and Hare,2010,"['Comedy', 'Crime', 'History']",91.0,6.2,18431,IFC,4800.0,4300000.0
The Last Exorcism,2010,"['Drama', 'Horror', 'Thriller']",87.0,5.6,45815,LGF,41000000.0,26700000.0
The Expendables,2010,"['Action', 'Adventure', 'Thriller']",103.0,6.5,307897,LGF,103100000.0,171400000.0
Gulliver's Travels,2010,"['Adventure', 'Comedy', 'Family']",85.0,4.9,61178,Fox,42800000.0,194600000.0
The Beaver,2011,['Drama'],91.0,6.7,45173,Sum.,971000.0,6300000.0
Gangster Squad,2013,"['Action', 'Crime', 'Drama']",113.0,6.7,195560,WB,46000000.0,59200000.0
August: Osage County,2013,"['Comedy', 'Drama']",121.0,7.2,79383,Wein.,37700000.0,36500000.0
Going the Distance,2010,"['Comedy', 'Romance']",102.0,6.3,54421,WB (NL),17800000.0,24200000.0
Sunshine Superman,2014,"['Biography', 'Documentary', 'Sport']",100.0,6.9,1214,Magn.,88100.0,0.0
Frozen,2010,"['Adventure', 'Drama', 'Sport']",93.0,6.2,62311,BV,400700000.0,875700000.0
Despicable Me,2010,"['Animation', 'Comedy', 'Family']",95.0,7.7,464511,Uni.,251500000.0,291600000.0
The Mill and the Cross,2011,"['Drama', 'History']",92.0,7.0,3519,KC,312000.0,30300.0
The Twilight Saga: Eclipse,2010,"['Adventure', 'Drama', 'Fantasy']",124.0,5.0,211733,Sum.,300500000.0,398000000.0
The Lucky One,2012,"['Drama', 'Romance']",101.0,6.5,94359,WB,60500000.0,38900000.0
Cyrus,2010,"['Crime', 'Horror', 'Mystery']",87.0,4.7,944,FoxS,7500000.0,2500000.0
Lee Daniels' The Butler,2013,"['Biography', 'Drama']",132.0,7.2,102468,Wein.,116600000.0,60000000.0
Gainsbourg: A Heroic Life,2010,"['Biography', 'Drama', 'Music']",135.0,6.9,8973,MBox,233000.0,12000000.0
King of Devil's Island,2010,"['Action', 'Drama']",116.0,7.5,16289,FM,7600.0,4200000.0
Movie 43,2013,['Comedy'],94.0,4.3,92980,Rela.,8800000.0,23600000.0
Never Let Me Go,2010,"['Drama', 'Romance', 'Sci-Fi']",103.0,7.1,130084,FoxS,2400000.0,7000000.0
Raavan,2010,"['Action', 'Adventure', 'Crime']",130.0,5.4,3847,Relbig.,709000.0,648000.0
47 Ronin,2013,"['Action', 'Adventure', 'Drama']",128.0,6.3,135754,Uni.,38400000.0,113400000.0
Rock of Ages,2012,"['Comedy', 'Drama', 'Musical']",123.0,5.9,69910,WB (NL),38500000.0,20900000.0
Cyrus,2010,"['Comedy', 'Drama', 'Romance']",91.0,6.3,32457,FoxS,7500000.0,2500000.0
The Robber,2010,"['Biography', 'Crime', 'Drama']",90.0,6.8,4130,Kino,83500.0,125000.0
In a Better World,2010,"['Drama', 'Romance']",118.0,7.6,36553,SPC,1000000.0,8600000.0
Four Lions,2010,"['Comedy', 'Crime', 'Drama']",97.0,7.3,66209,Drft.,305000.0,4400000.0
How Do You Know,2010,"['Comedy', 'Drama', 'Romance']",121.0,5.4,41072,Sony,30200000.0,18500000.0
Ceremony,2010,"['Comedy', 'Romance']",89.0,5.5,3951,Magn.,22300.0,0.0
Dredd,2012,"['Action', 'Crime', 'Sci-Fi']",95.0,7.1,234616,LGF,13400000.0,22200000.0
Reuniting the Rubins,2010,"['Comedy', 'Drama', 'Family']",97.0,5.3,348,Mont.,13600.0,0.0
The Dark Knight Rises,2012,"['Action', 'Thriller']",164.0,8.4,1387769,WB,448100000.0,636800000.0
Butter,2011,"['Comedy', 'Drama']",90.0,6.2,19447,RTWC,105000.0,70700.0
Jack the Giant Slayer,2013,"['Adventure', 'Fantasy']",114.0,6.3,123127,WB (NL),65200000.0,132500000.0
If I Stay,2014,"['Drama', 'Fantasy', 'Music']",107.0,6.8,107625,WB (NL),50500000.0,28400000.0
The Infiltrator,2016,"['Biography', 'Crime', 'Drama']",127.0,7.0,61547,BG,15400000.0,0.0
The Rabbi's Cat,2011,"['Animation', 'Comedy', 'Fantasy']",100.0,7.2,2931,GK,23400.0,3700000.0
Black Mass,2015,"['Biography', 'Crime', 'Drama']",123.0,6.9,155847,WB,62600000.0,37200000.0
I'm Still Here,2010,"['Comedy', 'Drama', 'Music']",108.0,6.2,18606,Magn.,409000.0,160000.0
The Extra Man,2010,['Comedy'],108.0,5.9,4580,Magn.,453000.0,4500.0
The Silence,2010,"['Crime', 'Drama', 'Thriller']",118.0,7.0,5792,MBox,100000.0,132000.0
Main Street,2010,['Drama'],92.0,4.7,2397,Magn.,2600.0,0.0
Tomb Raider,2018,"['Action', 'Adventure', 'Fantasy']",119.0,6.3,163560,WB,58300000.0,216400000.0
The Sitter,2011,['Comedy'],81.0,5.7,65575,Fox,30400000.0,4500000.0
The Cold Light of Day,2012,"['Action', 'Thriller']",93.0,4.9,33039,LG/S,3800000.0,13100000.0
Miral,2010,"['Drama', 'History']",112.0,6.3,3067,Wein.,373000.0,527000.0
Branded,2012,"['Drama', 'Fantasy', 'Thriller']",106.0,4.7,8480,RAtt.,354000.0,3400000.0
Cloud Atlas,2012,"['Action', 'Drama', 'Mystery']",172.0,7.4,326473,WB,27100000.0,103400000.0
This Is Where I Leave You,2014,"['Comedy', 'Drama']",103.0,6.6,65202,WB,34300000.0,7000000.0
Made in Dagenham,2010,"['Biography', 'Comedy', 'Drama']",113.0,7.2,13121,SPC,1100000.0,11300000.0
Coriolanus,2011,"['Drama', 'Thriller', 'War']",123.0,6.1,29654,Wein.,757000.0,315000.0
Karthik Calling Karthik,2010,"['Drama', 'Mystery', 'Thriller']",135.0,7.0,9257,Eros,286000.0,7100.0
Pride and Prejudice and Zombies,2016,"['Action', 'Comedy', 'Horror']",108.0,5.8,46187,SGem,10900000.0,5500000.0
Upside Down,2012,"['Drama', 'Fantasy', 'Romance']",109.0,6.4,66347,MNE,105000.0,8000000.0
Inception,2010,"['Action', 'Adventure', 'Sci-Fi']",148.0,8.8,1841066,WB,292600000.0,535700000.0
Grown Ups,2010,['Comedy'],102.0,6.0,210377,Sony,162000000.0,109400000.0
Race 2,2013,"['Action', 'Crime', 'Thriller']",150.0,5.3,14049,UTV,1600000.0,0.0
The Company You Keep,2012,"['Drama', 'Thriller']",125.0,6.4,29665,SPC,5100000.0,14500000.0
Death of a Superhero,2011,"['Animation', 'Drama']",97.0,7.1,3234,Trib.,600.0,0.0
The Adjustment Bureau,2011,"['Romance', 'Sci-Fi', 'Thriller']",106.0,7.1,227616,Uni.,62500000.0,65400000.0
Cop Out,2010,"['Action', 'Comedy', 'Crime']",107.0,5.6,81656,WB,44900000.0,10700000.0
The Other Guys,2010,"['Action', 'Comedy', 'Crime']",107.0,6.7,221664,Sony,119200000.0,51200000.0
A Somewhat Gentle Man,2010,"['Comedy', 'Crime', 'Drama']",113.0,6.9,6259,Strand,37700.0,1800000.0
Suicide Squad,2016,"['Action', 'Adventure', 'Fantasy']",123.0,6.0,533039,WB,325100000.0,421700000.0
Downsizing,2017,"['Drama', 'Sci-Fi']",135.0,5.7,74815,Par.,24400000.0,30600000.0
Stand Up Guys,2012,"['Comedy', 'Crime', 'Thriller']",95.0,6.5,50545,LGF,3300000.0,0.0
Texas Killing Fields,2011,"['Crime', 'Drama', 'History']",105.0,5.7,17413,Anch.,45500.0,912000.0
We Bought a Zoo,2011,"['Comedy', 'Drama', 'Family']",124.0,7.1,126849,Fox,75600000.0,44500000.0
When the Bough Breaks,2016,"['Crime', 'Drama', 'Horror']",107.0,5.1,4729,SGem,29700000.0,911000.0
In the Heart of the Sea,2015,"['Action', 'Adventure', 'Biography']",122.0,6.9,108628,WB,25000000.0,68900000.0
The Hunger Games,2012,"['Action', 'Adventure', 'Sci-Fi']",142.0,7.2,795227,LGF,408000000.0,286400000.0
Mad Max: Fury Road,2015,"['Action', 'Adventure', 'Sci-Fi']",120.0,8.1,780910,WB,153600000.0,224800000.0
Marmaduke,2010,"['Comedy', 'Family']",87.0,4.2,13283,Fox,33600000.0,50100000.0
Prisoners,2013,"['Crime', 'Drama', 'Mystery']",153.0,8.1,526273,WB,61000000.0,61100000.0
Chance Pe Dance,2010,"['Comedy', 'Drama', 'Musical']",122.0,4.7,2501,UTV,169000.0,24300.0
Agent Vinod,2012,"['Action', 'Adventure', 'Thriller']",157.0,5.2,6613,Eros,698000.0,0.0
Mr. Popper's Penguins,2011,"['Comedy', 'Family', 'Fantasy']",94.0,6.0,80540,Fox,68200000.0,119100000.0
It,2017,"['Horror', 'Thriller']",135.0,7.4,359123,WB (NL),327500000.0,372900000.0
Taken 2,2012,"['Action', 'Thriller']",92.0,6.3,273106,Fox,139900000.0,236300000.0
Journey 2: The Mysterious Island,2012,"['Action', 'Adventure', 'Comedy']",94.0,5.8,83507,WB (NL),103900000.0,231400000.0
Straight Outta Compton,2015,"['Biography', 'Drama', 'History']",147.0,7.9,165307,Uni.,161200000.0,40400000.0
Transformers: Dark of the Moon,2011,"['Action', 'Adventure', 'Sci-Fi']",154.0,6.2,366409,P/DW,352400000.0,771400000.0
Winter's Bone,2010,"['Drama', 'Mystery']",100.0,7.2,127751,RAtt.,6500000.0,7300000.0
Rare Exports: A Christmas Tale,2010,"['Adventure', 'Fantasy', 'Horror']",84.0,6.7,23923,Osci.,236000.0,3800000.0
Unknown,2011,"['Action', 'Mystery', 'Thriller']",113.0,6.9,235167,WB,63700000.0,67099999.0
The Little Bedroom,2010,['Drama'],87.0,6.9,184,CLS,7400.0,0.0
Happy Feet Two,2011,"['Adventure', 'Animation', 'Comedy']",100.0,5.9,38396,WB,64000000.0,86400000.0
Aurora,2010,['Drama'],181.0,6.7,1398,CGld,5700.0,5100.0
Hesher,2010,"['Comedy', 'Crime', 'Drama']",106.0,7.0,48483,WHE,383000.0,0.0
Paradise: Love,2012,['Drama'],120.0,7.1,7678,Strand,24300.0,0.0
Wolves,2014,"['Action', 'Fantasy', 'Horror']",91.0,5.3,7312,KE,12100.0,0.0
True Grit,2010,"['Adventure', 'Drama', 'Western']",110.0,7.6,284034,Par.,171200000.0,81000000.0
Remember Me,2010,"['Drama', 'Romance']",113.0,7.1,129443,Sum.,19100000.0,37000000.0
The Romantics,2010,"['Comedy', 'Drama', 'Romance']",95.0,5.1,11069,FOAK,107000.0,17300.0
For Colored Girls,2010,['Drama'],133.0,6.1,6728,LGF,37700000.0,17300.0
Just Wright,2010,"['Comedy', 'Romance', 'Sport']",100.0,5.9,12466,FoxS,21500000.0,29900.0
Twelve,2010,"['Action', 'Crime', 'Drama']",93.0,5.7,11533,Hann.,184000.0,2400000.0
Star Trek Into Darkness,2013,"['Action', 'Adventure', 'Sci-Fi']",132.0,7.7,445535,Par.,228800000.0,238600000.0
Ride Along,2014,"['Action', 'Comedy', 'Crime']",99.0,6.2,94529,Uni.,134900000.0,19500000.0
The Flowers of War,2011,"['Drama', 'History', 'Romance']",146.0,7.6,45784,WHE,311000.0,0.0
No Strings Attached,2011,"['Comedy', 'Romance']",108.0,6.2,197663,Par.,70700000.0,78600000.0
Riddick,2013,"['Action', 'Adventure', 'Sci-Fi']",119.0,6.4,144821,Uni.,42000000.0,56300000.0
The Hangover Part II,2011,"['Comedy', 'Mystery']",102.0,6.5,432800,WB,254500000.0,332300000.0
Hop,2011,"['Adventure', 'Animation', 'Comedy']",95.0,5.4,28893,Uni.,108100000.0,75900000.0
The Best Exotic Marigold Hotel,2011,"['Comedy', 'Drama', 'Romance']",124.0,7.3,85811,FoxS,46400000.0,90400000.0
Table 19,2017,"['Comedy', 'Drama', 'Romance']",87.0,5.8,22751,FoxS,3600000.0,1400000.0
12 Strong,2018,"['Action', 'Drama', 'History']",130.0,6.6,50155,WB,45800000.0,21600000.0
Paranoia,2013,"['Drama', 'Thriller']",106.0,5.7,33149,Rela.,7400000.0,6400000.0
Revenge of the Electric Car,2011,['Documentary'],90.0,7.2,1692,A23,151000.0,0.0
Golden Slumber,2010,"['Action', 'Drama', 'Thriller']",139.0,7.1,907,CJ,94500.0,10600000.0
You Again,2010,"['Comedy', 'Family', 'Romance']",105.0,5.8,46690,BV,25700000.0,6300000.0
Nanny McPhee Returns,2010,"['Comedy', 'Family', 'Fantasy']",109.0,6.1,25048,Uni.,29000000.0,64200000.0
Cirkus Columbia,2010,"['Comedy', 'Drama', 'Romance']",113.0,7.3,2336,Strand,3500.0,9500.0
In Darkness,2011,"['Drama', 'War']",145.0,7.3,9328,SPC,1000000.0,4500000.0
"I, Frankenstein",2014,"['Action', 'Fantasy', 'Horror']",92.0,5.1,74910,LGF,19100000.0,52100000.0
Somewhere,2010,"['Comedy', 'Drama']",97.0,6.3,40250,Focus,1800000.0,12200000.0
Even the Rain,2010,"['Drama', 'History']",103.0,7.5,11805,Vita.,518000.0,5300000.0
Stone,2010,"['Drama', 'Thriller']",105.0,5.4,38667,Over.,1800000.0,7700000.0
Predators,2010,"['Action', 'Adventure', 'Sci-Fi']",107.0,6.4,199764,Fox,52000000.0,75200000.0
Senna,2010,"['Biography', 'Documentary', 'Sport']",106.0,8.6,55318,PDA,1600000.0,6600000.0
Black Nativity,2013,"['Drama', 'Family', 'Music']",93.0,4.6,1901,FoxS,7000000.0,436000.0
Lovelace,2013,"['Biography', 'Drama']",93.0,6.2,35957,RTWC,357000.0,1200000.0
We Are Family,2010,"['Drama', 'Family']",115.0,5.6,2614,UTV,638000.0,393000.0
The Wolverine,2013,"['Action', 'Adventure', 'Sci-Fi']",126.0,6.7,401286,Fox,132600000.0,282300000.0
Arthur Christmas,2011,"['Adventure', 'Animation', 'Comedy']",97.0,7.1,45439,Sony,46500000.0,101000000.0
Brick Mansions,2014,"['Action', 'Crime']",90.0,5.7,37528,Rela.,20400000.0,48500000.0
Big Miracle,2012,"['Biography', 'Drama', 'Family']",107.0,6.5,17585,Uni.,20200000.0,4600000.0
The Pirates! Band of Misfits,2012,"['Adventure', 'Animation', 'Comedy']",88.0,6.7,41958,Sony,31100000.0,92000000.0
Deadpool,2016,"['Action', 'Adventure', 'Comedy']",108.0,8.0,820847,Fox,363100000.0,420000000.0
No Problem,2010,"['Action', 'Comedy', 'Crime']",139.0,4.2,1880,Eros,285000.0,369000.0
Another Year,2010,"['Comedy', 'Drama']",129.0,7.3,26273,SPC,3200000.0,16500000.0
Faster,2010,"['Action', 'Crime', 'Drama']",98.0,6.5,93618,CBS,23200000.0,12400000.0
Disconnect,2012,"['Drama', 'Thriller']",115.0,7.5,70051,LD,1400000.0,0.0
The Apparition,2012,"['Horror', 'Thriller']",83.0,4.1,18112,WB,4900000.0,4700000.0
Mother's Day,2010,"['Drama', 'Horror', 'Thriller']",112.0,6.3,15012,ORF,32500000.0,15900000.0
Hysteria,2011,"['Comedy', 'Romance']",100.0,6.7,29014,SPC,1800000.0,7700000.0
13 Assassins,2010,"['Action', 'Adventure', 'Drama']",141.0,7.6,58142,Magn.,803000.0,16800000.0
"Love, Wedding, Marriage",2011,['Comedy'],90.0,5.0,8652,IFC,1900.0,0.0
Rio,2011,"['Adventure', 'Animation', 'Comedy']",96.0,6.9,191621,Fox,143600000.0,341000000.0
Oranges and Sunshine,2010,"['Drama', 'History']",105.0,7.1,4740,Cohen,143000.0,2400000.0
Charlie St. Cloud,2010,"['Drama', 'Fantasy', 'Romance']",99.0,6.5,55016,Uni.,31200000.0,17000000.0
Guzaarish,2010,['Drama'],126.0,7.5,15402,UTV,1000000.0,695000.0
Film socialisme,2010,['Drama'],102.0,5.8,2311,Lorb.,33000.0,159000.0
Perfect Sense,2011,"['Drama', 'Romance', 'Sci-Fi']",92.0,7.1,51188,IFC,3000.0,0.0
Battleship,2012,"['Action', 'Adventure', 'Sci-Fi']",131.0,5.8,225342,Uni.,65400000.0,237600000.0
A Little Bit of Heaven,2011,"['Comedy', 'Drama', 'Fantasy']",106.0,6.3,26441,MNE,15400.0,1300000.0
Young Goethe in Love,2010,"['Drama', 'Romance']",102.0,6.7,2593,MBox,162000.0,5600000.0
Little White Lies,2010,"['Comedy', 'Drama']",154.0,7.1,21787,MPI,206000.0,48300000.0
Pina,2011,"['Documentary', 'Music']",103.0,7.7,13501,IFC,3500000.0,11100000.0
Submarine,2010,"['Comedy', 'Drama', 'Romance']",97.0,7.3,79810,Wein.,468000.0,397000.0
This Must Be the Place,2011,"['Comedy', 'Drama']",118.0,6.7,30457,Wein.,144000.0,11600000.0
The American,2010,"['Crime', 'Drama', 'Thriller']",105.0,6.3,86863,Focus,35600000.0,32299999.0
Bel Ami,2012,"['Drama', 'History', 'Romance']",102.0,5.4,17055,Magn.,120000.0,8199999.0
Martha Marcy May Marlene,2011,"['Drama', 'Mystery', 'Thriller']",102.0,6.9,45873,FoxS,3000000.0,548000.0
The Way,2010,"['Adventure', 'Comedy', 'Drama']",123.0,7.4,27811,PDA,4400000.0,0.0
Quartet,2012,"['Comedy', 'Drama']",94.0,6.8,17979,Wein.,18400000.0,41100000.0
Salmon Fishing in the Yemen,2011,"['Comedy', 'Drama', 'Romance']",107.0,6.8,58864,CBS,9000000.0,25500000.0
Testament of Youth,2014,"['Biography', 'Drama', 'History']",129.0,7.3,23632,SPC,1800000.0,0.0
Footnote,2011,"['Comedy', 'Drama']",107.0,7.1,5317,SPC,2000000.0,0.0
Rise of the Guardians,2012,"['Action', 'Adventure', 'Animation']",97.0,7.3,145281,P/DW,103400000.0,203500000.0
Prometheus,2012,"['Adventure', 'Mystery', 'Sci-Fi']",124.0,7.0,538720,Fox,126500000.0,276900000.0
Killer Elite,2011,"['Action', 'Crime', 'Thriller']",116.0,6.5,117711,ORF,25100000.0,31300000.0
Winnie the Pooh,2011,"['Adventure', 'Animation', 'Comedy']",63.0,7.2,19605,BV,26700000.0,23200000.0
Filth,2013,"['Comedy', 'Crime', 'Drama']",97.0,7.1,93591,Magn.,34400.0,8300000.0
Vanishing on 7th Street,2010,"['Horror', 'Mystery', 'Thriller']",92.0,4.9,23912,Magn.,22700.0,1000000.0
Monsters University,2013,"['Adventure', 'Animation', 'Comedy']",104.0,7.3,291887,BV,268500000.0,475700000.0
The Help,2011,['Drama'],146.0,8.1,392699,BV,169700000.0,46900000.0
Gravity,2013,"['Drama', 'Sci-Fi', 'Thriller']",91.0,7.7,710018,WB,274100000.0,449100000.0
Truth,2017,"['Drama', 'History', 'Thriller']",80.0,7.1,565,SPC,2500000.0,0.0
My Afternoons with Margueritte,2010,"['Comedy', 'Drama']",82.0,7.2,6329,Cohen,667000.0,13600000.0
The Wall,2010,['Documentary'],78.0,9.2,8,RAtt.,1800000.0,2700000.0
Khatta Meetha,2010,"['Comedy', 'Crime', 'Drama']",157.0,5.8,8448,Eros,542000.0,499000.0
We Have a Pope,2011,"['Comedy', 'Drama']",102.0,6.7,12273,IFC,548000.0,15600000.0
"Rio, I Love You",2014,"['Comedy', 'Drama', 'Fantasy']",110.0,5.2,1634,Scre.,32000.0,0.0
Goon,2011,"['Comedy', 'Drama', 'Sport']",92.0,6.8,79786,Magn.,4200000.0,2300000.0
Legend of the Fist: The Return of Chen Zhen,2010,"['Action', 'Drama', 'History']",106.0,6.3,9202,Vari.,50400.0,26500000.0
The Conjuring,2013,"['Horror', 'Mystery', 'Thriller']",112.0,7.5,397233,WB (NL),137400000.0,182100000.0
The Next Three Days,2010,"['Action', 'Crime', 'Drama']",133.0,7.4,168066,LGF,21100000.0,46300000.0
Love Crime,2010,"['Crime', 'Drama', 'Mystery']",106.0,6.5,4838,IFC,540000.0,3100000.0
Dream House,2011,"['Drama', 'Mystery', 'Thriller']",84.0,6.0,59714,Uni.,21300000.0,17200000.0
Letters to God,2010,"['Drama', 'Family']",110.0,6.3,4443,Viv.,2800000.0,60300.0
Buried,2010,"['Drama', 'Mystery', 'Thriller']",95.0,7.0,139426,LGF,1000000.0,18100000.0
The Odd Life of Timothy Green,2012,"['Comedy', 'Drama', 'Family']",105.0,6.6,42770,BV,51900000.0,4200000.0
The Grandmaster,2013,"['Action', 'Biography', 'Drama']",130.0,6.6,28781,Wein.,6600000.0,57500000.0
"Big Mommas: Like Father, Like Son",2011,"['Action', 'Comedy', 'Crime']",107.0,4.4,23520,Fox,37900000.0,44800000.0
Decoding Annie Parker,2013,['Drama'],91.0,6.3,2785,EOne,48400.0,0.0
Leaving,2011,"['Comedy', 'Drama']",94.0,6.0,202,IFC,176000.0,893000.0
I Am Number Four,2011,"['Action', 'Adventure', 'Sci-Fi']",111.0,6.1,217762,BV,55100000.0,94800000.0
Stake Land,2010,"['Drama', 'Horror', 'Sci-Fi']",98.0,6.5,38749,IFC,33200.0,0.0
Heartbreaker,2010,"['Comedy', 'Romance']",105.0,6.8,23995,IFC,504000.0,46900000.0
Joy,2010,['Drama'],75.0,6.1,233,Fox,56500000.0,44700000.0
Baywatch,2017,"['Action', 'Comedy', 'Crime']",116.0,5.6,137528,Par.,58100000.0,119800000.0
MacGruber,2010,"['Action', 'Comedy', 'Romance']",90.0,5.5,39782,Uni.,8500000.0,797000.0
"Tuesday, After Christmas",2010,"['Drama', 'Romance']",99.0,7.0,3964,Lorb.,27800.0,36200.0
Monsters,2010,"['Drama', 'Sci-Fi', 'Thriller']",94.0,6.4,84332,Magn.,237000.0,4000000.0
Max Steel,2016,"['Action', 'Adventure', 'Family']",92.0,4.6,16788,ORF,3800000.0,2500000.0
The Well-Digger's Daughter,2011,"['Drama', 'Romance']",107.0,7.0,3459,KL,386000.0,12200000.0
Bridget Jones's Baby,2016,"['Comedy', 'Drama', 'Romance']",123.0,6.5,60260,Uni.,24300000.0,187700000.0
Aquaman,2018,"['Action', 'Adventure', 'Fantasy']",143.0,7.1,263328,WB,335100000.0,812700000.0
Cedar Rapids,2011,['Comedy'],87.0,6.3,34759,FoxS,6900000.0,0.0
Hyde Park on Hudson,2012,"['Biography', 'Comedy', 'Drama']",94.0,5.9,10726,Focus,6400000.0,2500000.0
Bridesmaids,2011,"['Comedy', 'Romance']",125.0,6.8,249501,Uni.,169100000.0,119300000.0
Attack the Block,2011,"['Action', 'Comedy', 'Sci-Fi']",88.0,6.7,93868,SGem,1000000.0,4800000.0
Killing Season,2013,"['Action', 'Drama', 'Thriller']",91.0,5.4,33570,MNE,39900.0,0.0
Cosmopolis,2012,"['Drama', 'Fantasy']",109.0,5.0,41897,EOne,764000.0,5300000.0
Happythankyoumoreplease,2010,"['Comedy', 'Drama', 'Romance']",100.0,6.8,28327,Anch.,216000.0,0.0
Oblivion,2013,"['Action', 'Adventure', 'Sci-Fi']",124.0,7.0,453966,Uni.,89100000.0,197100000.0
Mr. Pip,2012,"['Drama', 'War']",116.0,7.2,3361,Free,1700.0,0.0
The Greatest Showman,2017,"['Biography', 'Drama', 'Musical']",105.0,7.6,199663,Fox,174300000.0,260700000.0
Red Riding Hood,2011,"['Fantasy', 'Horror', 'Mystery']",100.0,5.5,102369,WB,37700000.0,51500000.0
Tamara Drewe,2010,"['Comedy', 'Drama', 'Romance']",107.0,6.2,19362,SPC,560000.0,11400000.0
The Raven,2012,"['Crime', 'Mystery', 'Thriller']",110.0,6.4,79578,Rela.,16000000.0,13600000.0
5 Days of War,2011,"['Action', 'Drama', 'War']",113.0,5.6,13089,Anch.,17500.0,0.0
Chalet Girl,2011,"['Comedy', 'Romance', 'Sport']",97.0,6.3,22352,IFC,1700.0,1700000.0
Khumba,2013,"['Adventure', 'Animation', 'Family']",85.0,5.7,4984,MNE,1000.0,27200000.0
The Change-Up,2011,"['Comedy', 'Fantasy']",112.0,6.3,155374,Uni.,37100000.0,38400000.0
The Forest,2011,"['Horror', 'Thriller']",98.0,3.5,135,Focus,26600000.0,11000000.0
Central Intelligence,2016,"['Action', 'Comedy', 'Crime']",107.0,6.3,138872,WB (NL),127400000.0,89500000.0
The Lego Movie,2014,"['Action', 'Adventure', 'Animation']",100.0,7.8,304179,WB,257800000.0,211400000.0
I Saw the Light,2015,"['Biography', 'Drama', 'Music']",123.0,5.8,5658,SPC,1600000.0,0.0
The Tree,2010,"['Drama', 'Romance']",100.0,6.6,4204,Zeit.,71200.0,2100000.0
Underworld Awakening,2012,"['Action', 'Fantasy', 'Horror']",88.0,6.4,138350,SGem,62300000.0,97800000.0
The Paperboy,2012,"['Crime', 'Drama', 'Mystery']",107.0,5.8,33940,MNE,693000.0,661000.0
Cold Weather,2010,"['Comedy', 'Drama', 'Mystery']",96.0,6.2,2063,IFC,141000.0,0.0
Anjaana Anjaani,2010,"['Comedy', 'Drama', 'Musical']",151.0,5.8,5533,Eros,855000.0,761000.0
Horrible Bosses,2011,"['Comedy', 'Crime']",98.0,6.9,398695,WB (NL),117500000.0,92100000.0
Drive Angry,2011,"['Action', 'Fantasy', 'Thriller']",104.0,5.4,90203,Sum.,10700000.0,18200000.0
Fantastic Four,2015,"['Action', 'Adventure', 'Drama']",100.0,4.3,140148,Fox,56100000.0,111900000.0
Road to Nowhere,2010,"['Romance', 'Thriller']",121.0,5.5,1552,Mont.,40300.0,121000.0
The King's Speech,2010,"['Biography', 'Drama', 'History']",118.0,8.0,593629,Wein.,135500000.0,275400000.0
Haywire,2011,"['Action', 'Drama', 'Thriller']",93.0,5.8,78681,Rela.,18900000.0,14400000.0
Caterpillar,2010,"['Drama', 'War']",85.0,6.7,962,Lorb.,4200.0,248000.0
Le Havre,2011,"['Comedy', 'Drama']",93.0,7.2,18490,Jan.,612000.0,9900000.0
Super,2010,"['Action', 'Comedy', 'Drama']",96.0,6.8,70604,IFC,328000.0,0.0
Sherlock Holmes: A Game of Shadows,2011,"['Action', 'Adventure', 'Crime']",129.0,7.5,394189,WB,186800000.0,358600000.0
Dough,2015,"['Comedy', 'Drama']",94.0,6.2,1517,Men.,1100000.0,0.0
Meek's Cutoff,2010,"['Drama', 'Western']",104.0,6.6,10439,Osci.,978000.0,0.0
Anonymous,2011,"['Drama', 'Thriller']",130.0,6.9,37932,Sony,4500000.0,10900000.0
Potiche,2010,['Comedy'],103.0,6.4,9543,MBox,1600000.0,21600000.0
Kaboom,2010,"['Comedy', 'Mystery', 'Romance']",86.0,5.7,11858,IFC,119000.0,421000.0
Contraband,2012,"['Action', 'Crime', 'Drama']",109.0,6.5,111709,Uni.,66500000.0,29700000.0
The Vatican Tapes,2015,"['Horror', 'Thriller']",91.0,5.0,14822,LGF,1800000.0,0.0
Vacation,2015,"['Adventure', 'Comedy']",99.0,6.1,87582,WB (NL),58900000.0,46000000.0
Melancholia,2011,"['Drama', 'Sci-Fi']",135.0,7.2,153434,Magn.,3000000.0,12900000.0
The Man from Nowhere,2010,"['Action', 'Drama', 'Thriller']",119.0,7.8,55247,CJ,528000.0,42500000.0
Archipelago,2010,['Drama'],114.0,6.3,1991,KL,7800.0,492000.0
Horns,2013,"['Crime', 'Drama', 'Fantasy']",120.0,6.5,70040,RTWC,174000.0,3700000.0
Exodus: Gods and Kings,2014,"['Action', 'Adventure', 'Drama']",150.0,6.0,150858,Fox,65000000.0,203200000.0
Daddy's Home,2015,['Comedy'],96.0,6.2,96909,Par.,150400000.0,92400000.0
Sea Rex 3D: Journey to a Prehistoric World,2010,['Documentary'],41.0,6.9,364,3D,6100000.0,9900000.0
Red Hill,2010,"['Thriller', 'Western']",95.0,6.4,7874,Strand,21100.0,300000.0
Everything Must Go,2010,"['Comedy', 'Drama']",97.0,6.4,45799,RAtt.,2700000.0,0.0
Byzantium,2012,"['Drama', 'Fantasy', 'Horror']",118.0,6.5,38237,IFC,89200.0,0.0
Beginners,2010,"['Comedy', 'Drama', 'Romance']",105.0,7.2,83770,Focus,5800000.0,8500000.0
Battle of the Year,2013,"['Drama', 'Music']",110.0,5.1,8769,SGem,8900000.0,7700000.0
Beautiful Boy,2010,['Drama'],100.0,6.6,6058,Anch.,77200.0,0.0
Let the Bullets Fly,2010,"['Action', 'Comedy', 'Western']",132.0,7.4,8234,Vari.,63000.0,104300000.0
Shaolin,2011,"['Action', 'Drama']",131.0,6.9,17777,Vari.,66100.0,33600000.0
Elysium,2013,"['Action', 'Drama', 'Sci-Fi']",109.0,6.6,395572,TriS,93100000.0,193100000.0
Captain Phillips,2013,"['Biography', 'Drama', 'Thriller']",134.0,7.8,387402,Sony,107100000.0,111700000.0
Hope Springs,2012,"['Comedy', 'Drama', 'Romance']",100.0,6.3,38667,Sony,63500000.0,50700000.0
The Son of No One,2011,"['Action', 'Crime', 'Drama']",90.0,5.1,15743,Anch.,30700.0,0.0
The Ledge,2011,"['Drama', 'Romance', 'Thriller']",101.0,6.5,17757,IFC,9200.0,602000.0
Paranormal Activity 2,2010,['Horror'],91.0,5.7,93122,Par.,84800000.0,92800000.0
W.E.,2011,"['Drama', 'History', 'Romance']",119.0,6.3,11314,Wein.,583000.0,285000.0
Leap Year,2010,"['Drama', 'Romance']",94.0,5.9,2211,Uni.,25900000.0,6700000.0
The Mortal Instruments: City of Bones,2013,"['Action', 'Fantasy', 'Horror']",130.0,5.9,121936,SGem,31200000.0,64200000.0
Blair Witch,2016,"['Horror', 'Mystery', 'Thriller']",89.0,5.0,36867,LGF,20800000.0,24400000.0
Playing for Keeps,2012,"['Comedy', 'Romance', 'Sport']",105.0,5.7,27389,FD,13100000.0,0.0
The Guard,2011,"['Comedy', 'Crime', 'Thriller']",96.0,7.3,75183,SPC,5400000.0,14200000.0
Casino Jack and the United States of Money,2010,['Documentary'],118.0,7.1,1522,Magn.,177000.0,0.0
Flypaper,2011,"['Comedy', 'Crime', 'Mystery']",87.0,6.4,30352,IFC,5000.0,3100000.0
Snow Flower and the Secret Fan,2011,"['Drama', 'History']",104.0,6.1,3429,FoxS,1300000.0,10000000.0
127 Hours,2010,"['Adventure', 'Biography', 'Drama']",94.0,7.6,323949,FoxS,18300000.0,42400000.0
Carancho,2010,"['Crime', 'Drama', 'Romance']",107.0,6.9,7084,Strand,85500.0,3900000.0
Point Blank,2010,"['Action', 'Crime', 'Drama']",81.0,6.8,12706,Magn.,708000.0,8500000.0
Judy Moody and the Not Bummer Summer,2011,"['Comedy', 'Family']",91.0,4.3,2674,Rela.,15000000.0,678000.0
Premium Rush,2012,"['Action', 'Crime', 'Thriller']",91.0,6.5,105279,Sony,20300000.0,10800000.0
Another Earth,2011,"['Drama', 'Romance', 'Sci-Fi']",92.0,7.0,85839,FoxS,1300000.0,456000.0
Elles,2011,['Drama'],99.0,5.6,5889,KL,158000.0,754000.0
The Last Stand,2013,"['Action', 'Thriller']",107.0,6.4,126623,LGF,12100000.0,36300000.0
The Little Death,2010,['Drama'],75.0,6.0,41,Magn.,18200.0,0.0
A Better Life,2011,"['Drama', 'Romance']",98.0,7.2,14602,Sum.,1800000.0,0.0
Country Strong,2010,"['Drama', 'Music']",117.0,6.3,16296,SGem,20200000.0,310000.0
Mary Queen of Scots,2013,"['Biography', 'Drama', 'History']",119.0,5.5,753,Focus,16500000.0,29900000.0
Elite Squad: The Enemy Within,2010,"['Action', 'Crime', 'Drama']",115.0,8.0,75071,Vari.,100000.0,62900000.0
Wetlands,2011,['Drama'],111.0,6.9,483,Strand,59500.0,10500000.0
Nostalgia for the Light,2010,['Documentary'],90.0,7.6,4242,Icar.,164000.0,13700.0
GasLand,2010,['Documentary'],107.0,7.7,9940,WOW,30800.0,18600.0
Restrepo,2010,"['Documentary', 'War']",93.0,7.5,20691,NGE,1300000.0,105000.0
The Master,2012,['Drama'],138.0,7.1,131365,Wein.,16399999.0,11900000.0
The Devil Inside,2012,['Horror'],83.0,4.2,33522,Par.,53300000.0,48500000.0
Higher Ground,2011,['Drama'],109.0,6.3,2869,SPC,842000.0,0.0
Golmaal 3,2010,"['Action', 'Comedy']",155.0,5.4,6616,Eros,1100000.0,935000.0
Zindagi Na Milegi Dobara,2011,"['Comedy', 'Drama']",155.0,8.1,58912,Eros,3100000.0,0.0
One Day,2011,"['Drama', 'Romance']",107.0,7.0,128094,Focus,13800000.0,45500000.0
Dolphin Tale,2011,"['Drama', 'Family']",113.0,6.9,20746,WB,72300000.0,23100000.0
Just Go with It,2011,"['Comedy', 'Romance']",117.0,6.4,200932,Sony,103000000.0,111900000.0
Skyline,2010,"['Action', 'Sci-Fi', 'Thriller']",92.0,4.4,83710,Uni.,21400000.0,45400000.0
Man on a Ledge,2012,"['Action', 'Adventure', 'Crime']",102.0,6.6,137507,LG/S,18600000.0,27600000.0
The Girl with the Dragon Tattoo,2011,"['Crime', 'Drama', 'Mystery']",158.0,7.8,387580,MBox,10100000.0,94300000.0
War Horse,2011,"['Drama', 'History', 'War']",146.0,7.2,136447,BV,79900000.0,97700000.0
The Secret World of Arrietty,2010,"['Adventure', 'Animation', 'Family']",94.0,7.6,68266,BV,19200000.0,126400000.0
"Crazy, Stupid, Love.",2011,"['Comedy', 'Drama', 'Romance']",118.0,7.4,436830,WB,84400000.0,58500000.0
Tiny Furniture,2010,"['Comedy', 'Drama', 'Romance']",98.0,6.2,13397,IFC,392000.0,0.0
A Dangerous Method,2011,"['Biography', 'Drama', 'Romance']",99.0,6.4,93259,SPC,5700000.0,21800000.0
Mortal Engines,2018,"['Action', 'Adventure', 'Fantasy']",128.0,6.1,70193,Uni.,16000000.0,67700000.0
The Skeleton Twins,2014,"['Comedy', 'Drama', 'Romance']",93.0,6.8,36793,RAtt.,5300000.0,0.0
Tees Maar Khan,2010,"['Comedy', 'Crime']",135.0,2.6,10122,UTV,1100000.0,1400000.0
Texas Chainsaw 3D,2013,"['Horror', 'Thriller']",92.0,4.8,41784,LGF,34300000.0,12900000.0
The Last Circus,2010,"['Comedy', 'Drama', 'Horror']",107.0,6.6,12183,Magn.,40500.0,3200000.0
Beast,2011,"['Drama', 'Thriller']",83.0,5.8,502,RAtt.,800000.0,0.0
Housefull,2010,['Comedy'],144.0,5.5,11089,Eros,1200000.0,1200000.0
Skin Trade,2010,['Documentary'],78.0,8.8,31,Magn.,1200.0,0.0
Break Ke Baad,2010,"['Comedy', 'Drama', 'Romance']",118.0,5.2,3651,Relbig.,428000.0,389000.0
The Dilemma,2011,"['Comedy', 'Drama']",111.0,5.3,48148,Uni.,48500000.0,21200000.0
Chasing Ice,2012,"['Biography', 'Documentary']",75.0,7.8,7729,SD,1300000.0,0.0
Puncture,2011,"['Biography', 'Drama']",100.0,6.9,21540,MNE,68900.0,0.0
The Good Doctor,2011,"['Drama', 'Thriller']",91.0,5.5,6006,Magn.,5200.0,0.0
House at the End of the Street,2012,"['Drama', 'Horror', 'Thriller']",101.0,5.6,66303,Rela.,31600000.0,12700000.0
Kedi,2010,['Action'],153.0,4.9,222,Osci.,2800000.0,0.0
Larry Crowne,2011,"['Comedy', 'Drama', 'Romance']",98.0,6.1,58927,Uni.,35600000.0,36400000.0
G.I. Joe: Retaliation,2013,"['Action', 'Adventure', 'Sci-Fi']",110.0,5.8,165536,Par.,122500000.0,253200000.0
Unforgivable,2011,['Drama'],111.0,5.8,692,Strand,154000.0,1200000.0
Catfish,2010,"['Documentary', 'Drama', 'Mystery']",87.0,7.1,38656,Rog.,3200000.0,242000.0
The Last Godfather,2010,"['Comedy', 'Crime', 'Romance']",100.0,3.7,1071,RAtt.,164000.0,16600000.0
Bodyguard,2010,['Comedy'],152.0,6.7,740,Relbig.,1800000.0,0.0
What to Expect When You're Expecting,2012,"['Comedy', 'Drama', 'Romance']",110.0,5.7,65890,LGF,41200000.0,43200000.0
Machine Gun Preacher,2011,"['Action', 'Biography', 'Crime']",129.0,6.8,60074,Rela.,539000.0,2800000.0
Maleficent,2014,"['Action', 'Adventure', 'Family']",97.0,7.0,305832,BV,241400000.0,517100000.0
Exit Through the Gift Shop,2010,"['Comedy', 'Crime', 'Documentary']",87.0,8.0,58721,PDA,3300000.0,2000000.0
I Saw the Devil,2010,"['Action', 'Crime', 'Drama']",142.0,7.8,94029,Magn.,129000.0,12600000.0
Warm Bodies,2013,"['Comedy', 'Horror', 'Romance']",98.0,6.9,208709,LG/S,66400000.0,50600000.0
"Jeff, Who Lives at Home",2011,"['Comedy', 'Drama']",83.0,6.5,60070,ParV,4300000.0,148000.0
Of Gods and Men,2010,"['Drama', 'History']",122.0,7.2,13991,SPC,4000000.0,38200000.0
Bang Bang,2011,['Drama'],102.0,7.6,45,FIP,2500000.0,39500000.0
Isle of Dogs,2010,"['Action', 'Crime', 'Thriller']",90.0,3.8,494,FoxS,32000000.0,32200000.0
How I Ended This Summer,2010,['Drama'],130.0,7.0,6105,FM,8700.0,614000.0
Uncle Boonmee Who Can Recall His Past Lives,2010,"['Drama', 'Fantasy']",114.0,6.7,11717,Strand,184000.0,946000.0
The Last Sentence,2012,"['Biography', 'Drama']",126.0,6.1,594,MBox,62500.0,265000.0
"If I Want to Whistle, I Whistle",2010,['Drama'],94.0,7.2,5737,FM,12100.0,220000.0
Special Treatment,2010,"['Comedy', 'Drama']",95.0,5.6,501,FRun,8900.0,286000.0
The Commuter,2018,"['Action', 'Mystery', 'Thriller']",105.0,6.3,83114,LGF,36300000.0,83600000.0
Insidious,2010,"['Horror', 'Mystery', 'Thriller']",103.0,6.9,254197,FD,54000000.0,43000000.0
Act of Valor,2012,"['Action', 'Adventure', 'Drama']",110.0,6.5,63787,Rela.,70000000.0,11300000.0
Take This Waltz,2011,"['Comedy', 'Drama']",116.0,6.6,25866,Magn.,1200000.0,0.0
Lockout,2012,"['Action', 'Sci-Fi', 'Thriller']",95.0,6.1,89554,FD,14300000.0,17900000.0
The Innkeepers,2011,"['Drama', 'Horror', 'Mystery']",101.0,5.5,31089,Magn.,78400.0,0.0
Norm of the North,2016,"['Adventure', 'Animation', 'Comedy']",90.0,3.6,7951,LGF,17100000.0,0.0
To the Wonder,2012,"['Drama', 'Romance']",112.0,5.9,25322,Magn.,588000.0,0.0
Fast Five,2011,"['Action', 'Crime', 'Thriller']",130.0,7.3,329892,Uni.,209800000.0,416300000.0
Pawn Sacrifice,2014,"['Biography', 'Drama', 'Sport']",115.0,7.0,34942,BST,2400000.0,3100000.0
Soul Surfer,2011,"['Biography', 'Drama', 'Family']",112.0,7.1,41659,TriS,43900000.0,3200000.0
This Means War,2012,"['Action', 'Comedy', 'Romance']",103.0,6.3,167438,Fox,54800000.0,101700000.0
The Big Short,2015,"['Biography', 'Comedy', 'Drama']",130.0,7.8,309227,Par.,70300000.0,63200000.0
The Woman in Black,2012,"['Drama', 'Fantasy', 'Horror']",95.0,6.4,165357,CBS,54300000.0,73400000.0
Salinger,2013,['Documentary'],120.0,6.7,2314,Wein.,584000.0,67000.0
Z for Zachariah,2015,"['Drama', 'Sci-Fi', 'Thriller']",98.0,6.0,25429,RAtt.,121000.0,0.0
Contagion,2011,"['Action', 'Drama', 'Thriller']",106.0,6.6,201536,WB,75700000.0,59800000.0
New Year's Eve,2011,"['Comedy', 'Romance']",113.0,5.7,76656,WB (NL),54500000.0,87500000.0
One for the Money,2012,"['Action', 'Comedy', 'Crime']",91.0,5.3,38473,LGF,26400000.0,10500000.0
Safe House,2012,"['Action', 'Adventure', 'Crime']",115.0,6.8,192655,Uni.,126400000.0,81700000.0
The Princess of Montpensier,2010,"['Action', 'Drama', 'History']",139.0,6.4,3322,IFC,352000.0,6400000.0
Abduction,2011,"['Action', 'Mystery', 'Thriller']",106.0,5.1,72552,LGF,28100000.0,54000000.0
The Drop,2014,"['Crime', 'Drama']",106.0,7.1,132161,FoxS,10700000.0,7900000.0
The Eye of the Storm,2011,['Drama'],114.0,6.3,1440,SEG,83600.0,0.0
Heartbeats,2010,"['Drama', 'Romance']",101.0,7.2,24426,IFC,68700.0,520000.0
The Grey,2011,"['Action', 'Adventure', 'Drama']",117.0,6.8,228798,ORF,51600000.0,25700000.0
Albert Nobbs,2011,"['Drama', 'Romance']",113.0,6.7,22213,RAtt.,3000000.0,2600000.0
2 Days in New York,2012,"['Comedy', 'Drama', 'Romance']",96.0,6.0,13318,Magn.,633000.0,1000000.0
Only God Forgives,2013,"['Crime', 'Drama']",90.0,5.7,100318,RTWC,779000.0,9900000.0
Amour,2012,"['Drama', 'Romance']",127.0,7.9,84960,SPC,6700000.0,13100000.0
ATM,2012,"['Horror', 'Thriller']",90.0,4.7,21608,IFC,3000.0,0.0
Prom,2011,"['Comedy', 'Drama', 'Family']",104.0,5.4,14279,BV,10100000.0,0.0
American Reunion,2012,['Comedy'],113.0,6.7,192250,Uni.,57000000.0,178000000.0
Frank,2014,"['Comedy', 'Drama', 'Music']",95.0,7.0,70130,Magn.,645000.0,0.0
The Monk,2011,"['Drama', 'Mystery', 'Thriller']",101.0,5.8,3530,ATO,13500.0,794000.0
The Visit,2010,"['Comedy', 'Drama', 'Romance']",90.0,8.3,7,Uni.,65200000.0,33200000.0
The Woman in the Fifth,2011,"['Drama', 'Mystery', 'Thriller']",84.0,5.4,5581,ATO,114000.0,0.0
Midnight in Paris,2011,"['Comedy', 'Fantasy', 'Romance']",94.0,7.7,356500,SPC,56800000.0,94300000.0
Effie Gray,2014,"['Biography', 'Drama', 'Romance']",104.0,5.9,3633,AF,353000.0,0.0
Knuckle,2011,"['Biography', 'Documentary', 'Drama']",97.0,6.8,2642,Vita.,2600.0,0.0
A Good Day to Die Hard,2013,"['Action', 'Thriller']",98.0,5.3,188383,Fox,67300000.0,237300000.0
L'amour fou,2010,['Documentary'],98.0,6.8,924,IFC,312000.0,0.0
The Vow,2012,"['Drama', 'Romance']",104.0,6.8,173629,SGem,125000000.0,71100000.0
Win Win,2011,"['Comedy', 'Drama', 'Sport']",106.0,7.2,51618,FoxS,10200000.0,652000.0
Zoolander 2,2016,['Comedy'],101.0,4.7,59914,Par.,28800000.0,27900000.0
Better Living Through Chemistry,2014,"['Comedy', 'Drama']",91.0,6.3,13388,Gold.,75100.0,0.0
Band Baaja Baaraat,2010,"['Comedy', 'Drama', 'Romance']",139.0,7.2,13832,Yash,43800.0,60700.0
Abraham Lincoln: Vampire Hunter,2012,"['Action', 'Fantasy', 'Horror']",105.0,5.9,142853,Fox,37500000.0,79000000.0
Frozen,2010,"['Fantasy', 'Romance']",92.0,5.4,75,BV,400700000.0,875700000.0
Rubber,2010,"['Comedy', 'Fantasy', 'Horror']",82.0,5.8,31316,Magn.,100000.0,0.0
Kon-Tiki,2012,"['Adventure', 'History']",118.0,7.2,41707,Wein.,1500000.0,21300000.0
Headhunters,2011,"['Action', 'Crime', 'Thriller']",96.0,7.6,91246,Magn.,1200000.0,14500000.0
Margin Call,2011,"['Drama', 'Thriller']",107.0,7.1,107264,RAtt.,5400000.0,14200000.0
The Foreigner,2017,"['Action', 'Thriller']",113.0,7.0,81288,STX,34400000.0,111000000.0
Alvin and the Chipmunks: Chipwrecked,2011,"['Adventure', 'Animation', 'Comedy']",87.0,4.4,28158,Fox,133100000.0,209600000.0
J. Edgar,2011,"['Biography', 'Crime', 'Drama']",137.0,6.6,115925,WB,37300000.0,47600000.0
One Day,2010,"['Drama', 'Romance', 'Sci-Fi']",93.0,6.0,436,Focus,13800000.0,45500000.0
Daddy's Home,2010,"['Drama', 'Thriller']",90.0,5.5,105,Par.,150400000.0,92400000.0
Jupiter Ascending,2015,"['Action', 'Adventure', 'Sci-Fi']",127.0,5.3,166327,WB,47400000.0,136600000.0
Dum Maaro Dum,2011,"['Action', 'Crime', 'Drama']",128.0,6.2,3616,FoxS,564000.0,0.0
I'm in Love with a Church Girl,2013,"['Crime', 'Drama', 'Romance']",118.0,4.5,1536,HTR,2400000.0,0.0
The Last Witch Hunter,2015,"['Action', 'Adventure', 'Fantasy']",106.0,6.0,86118,LG/S,27400000.0,119600000.0
The We and the I,2012,['Drama'],103.0,6.1,1773,P/108,42200.0,0.0
Goodbye First Love,2011,"['Drama', 'Romance']",110.0,6.6,4352,IFC,95000.0,0.0
Jackie,2016,"['Biography', 'Drama', 'History']",100.0,6.7,66008,FoxS,14000000.0,0.0
We Are What We Are,2010,"['Drama', 'Horror']",90.0,5.7,4276,EOne,81400.0,0.0
A Wrinkle in Time,2018,"['Adventure', 'Family', 'Fantasy']",109.0,4.2,34888,BV,100500000.0,32200000.0
Bleed for This,2016,"['Biography', 'Drama', 'Sport']",117.0,6.8,21946,ORF,5100000.0,0.0
Free Birds,2013,"['Adventure', 'Animation', 'Comedy']",91.0,5.9,20934,Rela.,55800000.0,54600000.0
Think Like a Man,2012,"['Comedy', 'Romance']",122.0,6.6,41043,SGem,91500000.0,4500000.0
30 Minutes or Less,2011,"['Action', 'Comedy', 'Crime']",83.0,6.1,87254,Sony,37100000.0,3500000.0
Final Destination 5,2011,['Horror'],92.0,5.9,98061,WB (NL),42600000.0,115300000.0
The Arbor,2010,"['Biography', 'Documentary', 'Drama']",94.0,7.2,1566,Strand,21600.0,105000.0
Oz the Great and Powerful,2013,"['Adventure', 'Family', 'Fantasy']",130.0,6.3,192045,BV,234900000.0,258399999.0
ParaNorman,2012,"['Adventure', 'Animation', 'Comedy']",92.0,7.0,87250,Focus,56000000.0,51100000.0
Little Birds,2011,['Drama'],94.0,6.2,4565,MNE,17700.0,0.0
North Sea Texas,2011,"['Drama', 'Romance']",98.0,7.2,7476,Strand,28300.0,16700.0
Young Adult,2011,"['Comedy', 'Drama']",94.0,6.3,74071,Par.,16300000.0,6600000.0
Hector and the Search for Happiness,2014,"['Adventure', 'Comedy', 'Drama']",120.0,7.0,41840,Rela.,1100000.0,0.0
Mausam,2011,"['Drama', 'Romance', 'War']",161.0,4.8,4906,Eros,728000.0,0.0
Gone,2011,['Documentary'],85.0,6.5,104,LG/S,11700000.0,6400000.0
Independence Day: Resurgence,2016,"['Action', 'Adventure', 'Sci-Fi']",120.0,5.2,155344,Fox,103100000.0,286500000.0
Blackthorn,2011,"['Action', 'Adventure', 'Western']",102.0,6.6,8553,Magn.,201000.0,423000.0
Chasing Mavericks,2012,"['Biography', 'Drama', 'Sport']",116.0,7.2,28994,Fox,6000000.0,600.0
Courageous,2011,['Drama'],129.0,7.0,17586,TriS,34500000.0,0.0
Edge of Tomorrow,2014,"['Action', 'Sci-Fi']",113.0,7.9,546284,WB,100200000.0,270300000.0
Creed,2010,['Horror'],77.0,6.6,12,WB (NL),109800000.0,63800000.0
Friends with Benefits,2011,"['Comedy', 'Romance']",109.0,6.6,317338,SGem,55800000.0,93700000.0
Shark Night 3D,2011,"['Horror', 'Thriller']",90.0,4.0,23190,Rela.,18900000.0,21300000.0
Intruders,2011,"['Fantasy', 'Horror', 'Thriller']",100.0,5.4,19381,MNE,69100.0,2900000.0
Johnny English Reborn,2011,"['Action', 'Adventure', 'Comedy']",101.0,6.3,110824,Uni.,8300000.0,151800000.0
Violet & Daisy,2011,"['Action', 'Comedy', 'Crime']",88.0,6.1,11248,Cdgm.,17200.0,0.0
Grassroots,2012,"['Comedy', 'Drama']",98.0,5.3,996,Gold.,12400.0,0.0
Project X,2012,['Comedy'],88.0,6.7,177782,WB,54700000.0,48000000.0
Flowers,2010,['Drama'],110.0,6.8,267,MBox,61600.0,0.0
In Time,2011,"['Action', 'Crime', 'Drama']",109.0,6.7,346077,Fox,37500000.0,136400000.0
Our Idiot Brother,2011,"['Comedy', 'Drama']",90.0,6.4,80738,Wein.,24800000.0,0.0
Ted,2012,"['Comedy', 'Fantasy']",106.0,6.9,538367,Uni.,218800000.0,330600000.0
"Love, Rosie",2014,"['Comedy', 'Romance']",102.0,7.2,104983,TFA,20400.0,25600000.0
The Patience Stone,2012,"['Drama', 'War']",102.0,7.1,4115,SPC,149000.0,0.0
The Man from U.N.C.L.E.,2015,"['Action', 'Adventure', 'Comedy']",116.0,7.3,240606,WB,45400000.0,64400000.0
Client 9: The Rise and Fall of Eliot Spitzer,2010,['Documentary'],117.0,7.4,2097,Magn.,189000.0,3500.0
The Armstrong Lie,2013,"['Biography', 'Documentary', 'Sport']",124.0,7.3,6850,SPC,383000.0,0.0
A Screaming Man,2010,['Drama'],92.0,6.7,1370,FM,9900.0,175000.0
Hobo with a Shotgun,2011,"['Action', 'Comedy', 'Horror']",86.0,6.1,41633,Magn.,703000.0,0.0
Jumping the Broom,2011,"['Comedy', 'Drama']",112.0,5.7,9089,TriS,37300000.0,415000.0
Inside Out,2011,"['Crime', 'Drama']",93.0,4.6,1566,BV,356500000.0,501100000.0
Rampart,2011,"['Crime', 'Drama']",108.0,5.8,22094,MNE,973000.0,0.0
Armadillo,2010,"['Documentary', 'War']",105.0,7.5,8906,Lorb.,14600.0,2000000.0
Terraferma,2011,['Drama'],88.0,6.8,2798,Cohen,20000.0,0.0
My Piece of the Pie,2011,"['Comedy', 'Drama']",109.0,5.8,1811,IFC,6900.0,0.0
Skin Trade,2014,"['Action', 'Crime', 'Thriller']",96.0,5.7,6942,Magn.,1200.0,0.0
The Art of Getting By,2011,"['Drama', 'Romance']",83.0,6.6,53682,FoxS,1400000.0,0.0
Inside Job,2010,"['Crime', 'Documentary']",109.0,8.3,65304,SPC,4300000.0,3600000.0
The Dictator,2012,['Comedy'],83.0,6.4,250976,Par.,59700000.0,119700000.0
"Life, Above All",2010,['Drama'],100.0,7.1,1243,SPC,134000.0,0.0
My Joy,2010,"['Adventure', 'Drama']",127.0,6.9,2013,KL,6300.0,0.0
Lights Out,2010,"['Drama', 'Mystery', 'Thriller']",87.0,6.4,971,WB (NL),67300000.0,81600000.0
How to Train Your Dragon 2,2014,"['Action', 'Adventure', 'Animation']",102.0,7.8,278205,Fox,177000000.0,444500000.0
The Names of Love,2010,"['Comedy', 'Drama', 'Romance']",100.0,7.2,7127,MBox,514000.0,4099999.0
Le Quattro Volte,2010,['Drama'],88.0,7.2,3354,Lorb.,153000.0,103000.0
The Double,2011,"['Action', 'Crime', 'Drama']",98.0,5.9,26994,Imag.,138000.0,3600000.0
Wrath of the Titans,2012,"['Action', 'Adventure', 'Fantasy']",99.0,5.7,172330,WB,83700000.0,221600000.0
Million Dollar Arm,2014,"['Biography', 'Drama', 'Sport']",124.0,7.0,41008,BV,36500000.0,2800000.0
Here Comes the Boom,2012,"['Action', 'Comedy', 'Sport']",105.0,6.4,81761,Sony,45300000.0,27800000.0
The Dark Tower,2017,"['Action', 'Adventure', 'Fantasy']",95.0,5.7,107518,Sony,50700000.0,62500000.0
The Impossible,2012,"['Drama', 'History', 'Thriller']",114.0,7.6,177762,LG/S,19000000.0,161300000.0
Vidal Sassoon: The Movie,2010,['Documentary'],90.0,6.5,223,P4,86000.0,38600.0
Diary of a Wimpy Kid: Rodrick Rules,2011,"['Comedy', 'Family']",99.0,6.6,23135,Fox,52700000.0,19700000.0
Super 8,2011,"['Mystery', 'Sci-Fi', 'Thriller']",112.0,7.0,320575,Par.,127000000.0,133100000.0
"Turn Me On, Dammit!",2011,"['Comedy', 'Romance']",76.0,6.3,8786,NYer,126000.0,0.0
I Wish,2011,['Drama'],128.0,7.4,5267,Magn.,146000.0,1400000.0
Kick-Ass 2,2013,"['Action', 'Comedy', 'Crime']",103.0,6.6,238832,Uni.,28800000.0,32000000.0
Mozart's Sister,2010,"['Biography', 'Drama', 'Music']",120.0,6.4,1392,MBox,708000.0,132000.0
Mental,2012,"['Comedy', 'Drama']",116.0,6.2,4670,Da.,17700.0,3600000.0
My Week with Marilyn,2011,"['Biography', 'Drama']",99.0,7.0,79337,Wein.,14600000.0,20500000.0
The Age of Adaline,2015,"['Drama', 'Fantasy', 'Romance']",112.0,7.2,138924,LGF,42600000.0,23000000.0
The Artist,2011,"['Comedy', 'Drama', 'Romance']",100.0,7.9,217184,Wein.,44700000.0,88800000.0
Wanderlust,2012,"['Comedy', 'Romance']",98.0,5.6,69081,Uni.,17500000.0,4200000.0
The Decoy Bride,2011,"['Comedy', 'Drama', 'Romance']",89.0,6.2,10018,IFC,800.0,0.0
Colombiana,2011,"['Action', 'Drama', 'Thriller']",108.0,6.4,87659,TriS,36700000.0,24300000.0
Freeheld,2015,"['Biography', 'Drama', 'Romance']",103.0,6.5,10534,LGF,573000.0,0.0
The Perks of Being a Wallflower,2012,['Drama'],103.0,8.0,422671,LG/S,17700000.0,15600000.0
Universal Soldier: Day of Reckoning,2012,"['Action', 'Horror', 'Mystery']",114.0,5.1,18206,Magn.,5500.0,364000.0
Our Children,2012,['Drama'],111.0,6.8,2516,Distrib.,23200.0,0.0
Their Finest,2016,"['Comedy', 'Drama', 'Romance']",117.0,6.8,15099,STX,3600000.0,0.0
Grudge Match,2013,"['Comedy', 'Drama', 'Sport']",113.0,6.4,54080,WB,29800000.0,15100000.0
Polisse,2011,"['Crime', 'Drama']",127.0,7.3,12506,IFC,211000.0,20200000.0
Fun Size,2012,"['Adventure', 'Comedy']",86.0,5.4,12926,Par.,9400000.0,2000000.0
The Revenant,2015,"['Action', 'Adventure', 'Biography']",156.0,8.0,621193,Fox,183600000.0,349300000.0
Life of Crime,2013,"['Comedy', 'Crime']",98.0,5.8,15768,RAtt.,265000.0,0.0
Chicken with Plums,2011,"['Comedy', 'Drama']",93.0,7.0,8310,SPC,254000.0,1200000.0
Pacific Rim,2013,"['Action', 'Adventure', 'Sci-Fi']",131.0,6.9,443667,WB,101800000.0,309200000.0
Pixels,2010,"['Action', 'Comedy']",100.0,4.6,54,Sony,78700000.0,166100000.0
"Happy, Happy",2010,"['Comedy', 'Drama']",85.0,6.5,2832,Magn.,45200.0,0.0
Cave of Forgotten Dreams,2010,"['Documentary', 'History']",90.0,7.4,14008,IFC,5300000.0,1200000.0
All Eyez on Me,2017,"['Biography', 'Drama', 'Music']",139.0,5.8,18541,LG/S,44900000.0,0.0
Vampires Suck,2010,['Comedy'],82.0,3.4,43984,Fox,36700000.0,43900000.0
Anchor Baby,2010,"['Drama', 'Thriller']",95.0,7.0,25,AGF,15800.0,161000.0
The Duff,2015,"['Comedy', 'Romance']",101.0,6.5,74486,LGF,34000000.0,9500000.0
Damsels in Distress,2011,"['Comedy', 'Drama', 'Romance']",99.0,5.7,8794,SPC,1000000.0,0.0
Mirror Mirror,2012,"['Adventure', 'Comedy', 'Drama']",106.0,5.6,79510,Rela.,64900000.0,118100000.0
I Hate Luv Storys,2010,"['Comedy', 'Drama', 'Romance']",129.0,5.7,6921,UTV,848000.0,14900000.0
Ice Age: Continental Drift,2012,"['Adventure', 'Animation', 'Comedy']",88.0,6.6,175601,Fox,161300000.0,715900000.0
This Is Not a Film,2011,['Documentary'],75.0,7.5,4313,PalT,77000.0,0.0
Sarah's Key,2010,"['Drama', 'War']",111.0,7.5,15067,Wein.,7700000.0,13400000.0
Now You See Me,2013,"['Crime', 'Mystery', 'Thriller']",115.0,7.3,553156,LG/S,117700000.0,234000000.0
The Sapphires,2012,"['Biography', 'Comedy', 'Drama']",103.0,7.0,12143,Wein.,2500000.0,18000000.0
All Together,2011,"['Comedy', 'Drama']",96.0,6.7,2663,KL,43200.0,7200000.0
Entourage,2015,['Comedy'],104.0,6.6,71519,WB,32400000.0,16900000.0
Hannah Arendt,2012,"['Biography', 'Drama']",113.0,7.1,9423,Zeit.,717000.0,0.0
Take Shelter,2011,"['Drama', 'Horror', 'Thriller']",121.0,7.4,83200,SPC,1700000.0,1400000.0
Ready Player One,2018,"['Action', 'Adventure', 'Sci-Fi']",140.0,7.5,301660,WB,137700000.0,445200000.0
Soldiers of Fortune,2012,"['Action', 'Thriller']",94.0,4.3,6765,RAtt.,38900.0,1500000.0
Trolls,2016,"['Adventure', 'Animation', 'Comedy']",92.0,6.5,63295,Fox,153700000.0,193200000.0
360,2011,"['Drama', 'Thriller']",110.0,6.2,15096,Magn.,100000.0,1600000.0
Klown,2010,['Comedy'],93.0,7.2,9372,Drft.,68800.0,12400000.0
Breathing,2011,['Drama'],94.0,7.0,2619,KL,4600.0,803000.0
Stoker,2013,"['Drama', 'Thriller']",99.0,6.8,97393,FoxS,1700000.0,10400000.0
The Tempest,2010,['Drama'],131.0,7.8,94,Mira.,278000.0,68700.0
Wagner & Me,2010,"['Biography', 'Documentary', 'History']",89.0,7.0,283,FRun,37700.0,41000.0
Detachment,2011,['Drama'],98.0,7.7,69559,Trib.,72700.0,0.0
Sleepless Night,2011,"['Action', 'Crime', 'Thriller']",103.0,6.7,4238,Trib.,3400.0,0.0
Welcome to the Punch,2013,"['Action', 'Crime', 'Thriller']",99.0,6.1,30538,IFC,9700.0,0.0
Circumstance,2011,['Drama'],107.0,5.9,7055,RAtt.,454000.0,0.0
Girl on a Bicycle,2013,"['Comedy', 'Drama', 'Romance']",101.0,6.2,1998,Mont.,91400.0,0.0
Inferno,2010,['Thriller'],100.0,6.3,50,Sony,34300000.0,185700000.0
Flying Swords of Dragon Gate,2011,"['Action', 'Adventure']",122.0,6.0,7295,IM,170000.0,0.0
Vampire Academy,2014,"['Action', 'Comedy', 'Drama']",104.0,5.5,49328,Wein.,7800000.0,7600000.0
Life in a Day,2011,"['Documentary', 'Drama']",95.0,7.7,14367,NGE,253000.0,0.0
You Ain't Seen Nothin' Yet,2012,"['Comedy', 'Drama']",115.0,6.4,1266,KL,18900.0,488000.0
Dark Horse,2011,"['Comedy', 'Drama']",86.0,5.9,5322,BM&DH,166000.0,0.0
Despicable Me 2,2013,"['Adventure', 'Animation', 'Comedy']",98.0,7.4,344230,Uni.,368100000.0,602700000.0
David Lynch: The Art Life,2016,"['Biography', 'Documentary']",88.0,7.2,4144,Jan.,171000.0,0.0
Return to the Hiding Place,2013,"['Drama', 'History', 'Thriller']",102.0,4.9,638,SEA,45400.0,0.0
Attenberg,2010,['Drama'],97.0,6.2,5462,Strand,24000.0,45900.0
Before I Fall,2017,"['Drama', 'Fantasy', 'Mystery']",98.0,6.4,39282,ORF,12200000.0,0.0
Planes,2013,"['Adventure', 'Animation', 'Comedy']",91.0,5.7,39870,BV,90300000.0,149000000.0
I Melt with You,2011,['Drama'],122.0,6.0,5570,Magn.,6400.0,0.0
The Way,2010,['Drama'],107.0,7.0,7,PDA,4400000.0,0.0
Eyes Wide Open,2010,"['Documentary', 'History']",110.0,8.7,17,NAV,26300.0,250000.0
The Guilt Trip,2012,"['Comedy', 'Drama']",95.0,5.8,33702,Par.,37100000.0,4700000.0
The Loneliest Planet,2011,['Thriller'],113.0,5.5,3577,IFC,130000.0,0.0
El Bulli: Cooking in Progress,2010,['Documentary'],108.0,6.3,1035,AM,237000.0,0.0
"Alexander and the Terrible, Horrible, No Good, Very Bad Day",2014,"['Comedy', 'Family']",81.0,6.2,37325,BV,67000000.0,34400000.0
Free Men,2011,"['Drama', 'History', 'Romance']",99.0,6.6,1226,FM,53800.0,564000.0
Beginning of the Great Revival,2011,"['Drama', 'History']",140.0,2.5,5538,CL,151000.0,58200000.0
The Young Karl Marx,2017,"['Biography', 'Drama', 'History']",118.0,6.6,4346,Orch.,126000.0,0.0
Sausage Party,2016,"['Adventure', 'Animation', 'Comedy']",89.0,6.2,159111,Sony,97700000.0,43000000.0
The Deep Blue Sea,2011,"['Drama', 'Romance']",98.0,6.3,13741,MBox,1100000.0,0.0
The Invisible Woman,2013,"['Biography', 'Drama', 'History']",111.0,6.2,8692,SPC,1200000.0,0.0
The Way He Looks,2014,"['Drama', 'Romance']",96.0,7.9,20160,Strand,101000.0,1100000.0
Casa de mi Padre,2012,"['Comedy', 'Western']",84.0,5.5,19170,LGF,5900000.0,2100000.0
Eisenstein in Guanajuato,2015,"['Biography', 'Comedy', 'Drama']",105.0,6.3,2286,Strand,34300.0,0.0
Safe Haven,2013,"['Drama', 'Romance', 'Thriller']",115.0,6.7,97055,Rela.,71300000.0,26200000.0
Justin Bieber: Never Say Never,2011,"['Documentary', 'Music']",105.0,1.6,74978,Par.,73000000.0,26000000.0
Genius,2016,"['Biography', 'Drama']",104.0,6.6,15611,RAtt.,1400000.0,4300000.0
Ek Main Aur Ekk Tu,2012,"['Comedy', 'Drama', 'Romance']",110.0,5.8,5997,UTV,1200000.0,0.0
Bernie,2011,"['Biography', 'Comedy', 'Crime']",99.0,6.8,53765,MNE,9200000.0,0.0
Tabloid,2010,"['Crime', 'Documentary']",87.0,7.1,6220,IFC,697000.0,0.0
Tezz,2012,"['Action', 'Crime', 'Thriller']",121.0,3.9,1951,Eros,230000.0,0.0
Every Secret Thing,2014,"['Crime', 'Drama', 'Mystery']",93.0,6.1,6294,SM,104000.0,0.0
Snowpiercer,2013,"['Action', 'Drama', 'Sci-Fi']",126.0,7.1,239264,RTWC,4600000.0,82200000.0
Every Thing Will Be Fine,2015,['Drama'],118.0,5.5,5438,IFC,9200.0,0.0
Lovely Molly,2011,"['Drama', 'Horror']",99.0,5.3,8821,Imag.,18500.0,0.0
Ready,2011,"['Action', 'Comedy']",145.0,4.8,13579,Eros,955000.0,0.0
The Whale,2011,['Documentary'],85.0,8.1,608,Pala.,81900.0,0.0
Joyful Noise,2012,"['Comedy', 'Drama', 'Music']",118.0,5.8,7575,WB,30900000.0,226000.0
Lola Versus,2012,['Comedy'],87.0,5.5,7966,FoxS,253000.0,0.0
Office Christmas Party,2016,['Comedy'],105.0,5.8,59253,Par.,54800000.0,59700000.0
11-11-11,2011,"['Horror', 'Mystery', 'Thriller']",90.0,4.0,11712,Rocket,32800.0,5700000.0
Alex Cross,2012,"['Action', 'Crime', 'Mystery']",101.0,5.1,30951,LG/S,25900000.0,8700000.0
Triple 9,2016,"['Crime', 'Thriller']",115.0,6.3,60369,ORF,12600000.0,10500000.0
The Bay,2012,"['Horror', 'Sci-Fi', 'Thriller']",84.0,5.6,23408,RAtt.,30700.0,0.0
Piranha 3DD,2012,"['Comedy', 'Horror']",83.0,3.7,37088,W/Dim.,377000.0,8100000.0
The Spectacular Now,2013,"['Comedy', 'Drama', 'Romance']",95.0,7.1,133887,A24,6900000.0,0.0
In the Land of Blood and Honey,2011,"['Drama', 'Romance', 'War']",127.0,4.4,32776,FD,304000.0,0.0
Midnight's Children,2012,['Drama'],146.0,6.2,2727,P/108,190000.0,0.0
Only Lovers Left Alive,2013,"['Comedy', 'Drama', 'Fantasy']",123.0,7.3,80984,SPC,1900000.0,0.0
We Are Family,2012,['Comedy'],100.0,5.0,259,UTV,638000.0,393000.0
Anna,2013,"['Drama', 'Mystery', 'Sci-Fi']",99.0,6.5,19733,VE,4300.0,0.0
10 Years,2011,"['Comedy', 'Drama', 'Romance']",100.0,6.1,22484,Anch.,203000.0,0.0
The Inbetweeners Movie,2011,['Comedy'],97.0,6.8,73217,WHE,36000.0,88000000.0
People Like Us,2012,"['Comedy', 'Drama']",114.0,7.1,39618,BV,12400000.0,0.0
My Worst Nightmare,2011,"['Comedy', 'Drama', 'Romance']",103.0,6.0,2530,Strand,22000.0,7100000.0
Another Happy Day,2011,"['Comedy', 'Drama']",119.0,6.0,3793,P4,8500.0,347000.0
Friends with Kids,2011,"['Comedy', 'Drama', 'Romance']",107.0,6.1,39339,RAtt.,7300000.0,5800000.0
Viva Riva!,2010,"['Crime', 'Drama', 'Thriller']",98.0,6.2,1054,MBox,61800.0,0.0
We're the Millers,2013,"['Comedy', 'Crime']",110.0,7.0,371759,WB (NL),150400000.0,119600000.0
Shame,2011,['Drama'],101.0,7.2,171353,FoxS,3900000.0,13800000.0
Beyond Outrage,2012,"['Action', 'Crime', 'Drama']",112.0,6.8,5027,Magn.,3900.0,16200000.0
Before I Go to Sleep,2014,"['Drama', 'Horror', 'Mystery']",92.0,6.3,64684,CE,3200000.0,12200000.0
Killer Joe,2011,"['Crime', 'Drama', 'Thriller']",102.0,6.7,67842,LD,2000000.0,1700000.0
Clandestine Childhood,2011,['Drama'],112.0,7.1,2152,IFC,9000.0,0.0
Absolutely Anything,2015,"['Comedy', 'Sci-Fi']",85.0,6.0,34859,ADC,20200.0,0.0
Scouts Guide to the Zombie Apocalypse,2015,"['Action', 'Comedy', 'Horror']",93.0,6.3,40479,Par.,3700000.0,12400000.0
Bohemian Rhapsody,2018,"['Biography', 'Drama', 'Music']",134.0,8.0,345466,Fox,216400000.0,687200000.0
Hara-Kiri: Death of a Samurai,2011,['Drama'],128.0,7.4,6636,Trib.,75700.0,3400000.0
Double Dhamaal,2011,"['Comedy', 'Crime', 'Drama']",138.0,3.8,3010,Relbig.,544000.0,0.0
Bol Bachchan,2012,"['Action', 'Comedy', 'Drama']",155.0,5.5,7359,FIP,1200000.0,27600000.0
Bodyguard,2011,"['Action', 'Comedy', 'Romance']",130.0,4.7,20318,Relbig.,1800000.0,0.0
Darling Companion,2012,"['Comedy', 'Drama', 'Romance']",103.0,5.1,3085,SPC,794000.0,0.0
The Zookeeper's Wife,2017,"['Biography', 'Drama', 'History']",127.0,7.0,32056,Focus,17600000.0,8600000.0
Ender's Game,2013,"['Action', 'Adventure', 'Fantasy']",114.0,6.6,211722,LG/S,61700000.0,63800000.0
Barely Lethal,2015,"['Action', 'Adventure', 'Comedy']",96.0,5.4,17473,A24,6100.0,0.0
Gone,2011,['Thriller'],95.0,5.1,563,LG/S,11700000.0,6400000.0
Khodorkovsky,2011,"['Biography', 'Documentary', 'Drama']",111.0,7.0,871,KL,39500.0,0.0
50/50,2010,['Documentary'],77.0,7.5,11,Sum.,35000000.0,4200000.0
No One Killed Jessica,2011,"['Biography', 'Crime', 'Drama']",136.0,7.2,10000,UTV,441000.0,193000.0
Eden,2012,"['Crime', 'Drama']",98.0,6.7,7709,BG,65500.0,0.0
Snow White and the Huntsman,2012,"['Action', 'Adventure', 'Drama']",127.0,6.1,258938,Uni.,155300000.0,241300000.0
"Oslo, August 31st",2011,['Drama'],95.0,7.7,17235,Strand,101000.0,0.0
Trollhunter,2010,"['Drama', 'Fantasy', 'Horror']",103.0,7.0,63470,Magn.,253000.0,3900000.0
Mere Brother Ki Dulhan,2011,"['Comedy', 'Family', 'Romance']",139.0,5.9,8285,Yash,496000.0,0.0
The Other Side,2011,['Crime'],105.0,8.2,10,FM,8100.0,0.0
Jersey Boys,2014,"['Biography', 'Drama', 'Music']",134.0,6.8,30410,WB,47000000.0,20600000.0
Your Sister's Sister,2011,"['Comedy', 'Drama']",90.0,6.7,24780,IFC,1600000.0,0.0
I Don't Know How She Does It,2011,"['Comedy', 'Romance']",89.0,4.9,18552,Wein.,9700000.0,20900000.0
The Mayor,2011,"['Comedy', 'Documentary', 'Drama']",68.0,8.9,49,WGUSA,96800.0,0.0
The Wall,2012,"['Drama', 'Fantasy', 'Mystery']",108.0,6.8,5484,RAtt.,1800000.0,2700000.0
The Tribe,2014,"['Crime', 'Drama']",126.0,7.1,9313,Drft.,151000.0,0.0
Blood Ties,2013,"['Action', 'Crime', 'Drama']",127.0,6.5,17771,ALP,2800.0,0.0
Hell and Back Again,2011,"['Action', 'Documentary', 'History']",88.0,6.5,2136,DF,40600.0,0.0
Jig,2011,"['Documentary', 'Musical']",99.0,6.7,318,Scre.,184000.0,0.0
Moonrise Kingdom,2012,"['Adventure', 'Comedy', 'Drama']",94.0,7.8,291750,Focus,45500000.0,22800000.0
Sound of My Voice,2011,"['Drama', 'Mystery', 'Sci-Fi']",85.0,6.6,19387,FoxS,408000.0,0.0
The Collection,2012,"['Action', 'Horror', 'Thriller']",82.0,6.1,42256,LD,6800000.0,0.0
A Dog's Purpose,2017,"['Adventure', 'Comedy', 'Drama']",100.0,7.1,53805,Uni.,64500000.0,140500000.0
Buck,2011,['Documentary'],88.0,7.6,3045,IFC,4000000.0,0.0
The Day I Saw Your Heart,2011,"['Comedy', 'Drama']",98.0,6.6,1419,FM,3500.0,2000000.0
Las Acacias,2011,['Drama'],82.0,6.9,2093,OutF,6000.0,0.0
Storm Surfers 3D,2012,"['Adventure', 'Documentary']",95.0,6.5,362,XL,117000.0,0.0
The Little Prince,2015,"['Adventure', 'Animation', 'Drama']",108.0,7.7,50015,EOne,1300000.0,96200000.0
You Will Be My Son,2011,"['Drama', 'Thriller']",102.0,6.9,963,Cohen,285000.0,3600000.0
The Day,2011,"['Action', 'Drama', 'Horror']",87.0,5.2,11732,Anch.,21000.0,0.0
Apartment 143,2011,"['Horror', 'Thriller']",80.0,5.1,10575,Magn.,400.0,426000.0
Jackie,2010,['Action'],126.0,7.1,1338,FoxS,14000000.0,0.0
Diana,2013,"['Biography', 'Drama', 'Romance']",113.0,5.5,17608,EOne,335000.0,21400000.0
Like Crazy,2011,"['Drama', 'Romance']",86.0,6.7,55841,ParV,3400000.0,336000.0
People Like Us,2010,['Drama'],55.0,6.4,13,BV,12400000.0,0.0
The Snowman,2017,"['Crime', 'Drama', 'Mystery']",119.0,5.1,47890,Uni.,6700000.0,36400000.0
This Is 40,2012,"['Comedy', 'Romance']",134.0,6.2,118862,Uni.,67500000.0,20500000.0
No One Lives,2012,"['Horror', 'Thriller']",86.0,6.0,16680,Anch.,74900.0,0.0
The First Time,2012,"['Comedy', 'Drama', 'Romance']",95.0,6.9,62589,Gold.,22800.0,0.0
Arbitrage,2012,"['Drama', 'Thriller']",107.0,6.6,46774,RAtt.,7900000.0,27600000.0
Killing Them Softly,2012,"['Crime', 'Thriller']",97.0,6.2,124086,Wein.,15000000.0,22900000.0
The Expendables 2,2012,"['Action', 'Adventure', 'Thriller']",103.0,6.6,277584,LGF,85000000.0,229900000.0
She's Funny That Way,2014,"['Comedy', 'Drama']",93.0,6.1,22179,LGP,112000.0,0.0
Silent House,2011,"['Drama', 'Horror', 'Mystery']",86.0,5.3,20831,ORF,12800000.0,347000.0
Shadow Dancer,2012,"['Drama', 'Thriller']",101.0,6.2,11465,Magn.,101000.0,319000.0
1911,2011,"['Action', 'Adventure', 'Drama']",121.0,5.9,5534,Vari.,136000.0,0.0
Apollo 18,2011,"['Horror', 'Mystery', 'Sci-Fi']",86.0,5.2,51427,W/Dim.,17700000.0,7900000.0
Danny Collins,2015,"['Biography', 'Comedy', 'Drama']",106.0,7.0,27435,BST,5600000.0,5200000.0
Nerve,2011,"['Comedy', 'Drama']",83.0,6.8,88,LGF,38600000.0,46700000.0
Wreck-It Ralph,2012,"['Adventure', 'Animation', 'Comedy']",101.0,7.7,344496,BV,189400000.0,281800000.0
Where Do We Go Now?,2011,"['Comedy', 'Drama']",110.0,7.5,10405,SPC,532000.0,0.0
Jiro Dreams of Sushi,2011,['Documentary'],81.0,7.9,30803,Magn.,2600000.0,0.0
Yamla Pagla Deewana,2011,"['Action', 'Comedy', 'Drama']",163.0,5.7,3660,Eros,993000.0,600000.0
Paranormal Activity 3,2011,"['Horror', 'Mystery', 'Thriller']",83.0,5.8,85689,Par.,104000000.0,103000000.0
Clown,2014,"['Drama', 'Fantasy', 'Horror']",100.0,5.7,19624,W/Dim.,55000.0,0.0
Anna Karenina,2012,"['Drama', 'Romance']",129.0,6.6,84668,Focus,12800000.0,56100000.0
Hands of Stone,2016,"['Action', 'Biography', 'Drama']",111.0,6.6,12851,Wein.,4700000.0,0.0
Jayne Mansfield's Car,2012,['Drama'],122.0,6.3,2686,Anch.,14800.0,0.0
No Escape,2015,"['Action', 'Thriller']",103.0,6.8,70222,Wein.,27300000.0,27100000.0
Widows,2011,"['Comedy', 'Drama']",100.0,6.3,484,Fox,42400000.0,33600000.0
Being Elmo: A Puppeteer's Journey,2011,['Documentary'],80.0,7.6,6435,SD,304000.0,0.0
The Salesman,2011,['Drama'],107.0,7.0,558,Cohen,2400000.0,0.0
Talaash,2012,"['Crime', 'Drama', 'Mystery']",140.0,7.3,36306,Relbig.,2900000.0,0.0
Kill List,2011,"['Crime', 'Drama', 'Horror']",95.0,6.4,32807,IFC,29100.0,143000.0
Pirates of the Caribbean: Dead Men Tell No Tales,2017,"['Action', 'Adventure', 'Fantasy']",129.0,6.6,228592,BV,172600000.0,622300000.0
The Maze Runner,2014,"['Action', 'Mystery', 'Sci-Fi']",113.0,6.8,387038,Fox,102400000.0,245900000.0
Zero Dark Thirty,2012,"['Drama', 'Thriller']",157.0,7.4,251072,Sony,95700000.0,37100000.0
The Campaign,2012,['Comedy'],85.0,6.1,118678,WB,86900000.0,18000000.0
Inherent Vice,2014,"['Comedy', 'Crime', 'Drama']",148.0,6.7,83346,WB,8100000.0,6600000.0
While We're Young,2014,"['Comedy', 'Drama', 'Mystery']",97.0,6.3,41327,A24,7600000.0,9700000.0
Cirque du Soleil: Worlds Away,2012,['Fantasy'],91.0,6.8,7643,Par.,12500000.0,21600000.0
Hit So Hard,2011,"['Biography', 'Documentary', 'Music']",103.0,6.9,619,Vari.,34000.0,0.0
From Up on Poppy Hill,2011,"['Animation', 'Drama', 'Family']",91.0,7.5,26531,GK,1000000.0,60000000.0
Rudderless,2014,"['Comedy', 'Drama', 'Music']",105.0,7.5,16303,Gold.,58300.0,0.0
Bad Santa 2,2016,"['Comedy', 'Crime', 'Drama']",92.0,5.6,20146,BG,17800000.0,0.0
Southpaw,2015,"['Drama', 'Sport']",124.0,7.4,199783,Wein.,52400000.0,39500000.0
American Hustle,2013,"['Crime', 'Drama']",138.0,7.2,418221,Sony,150100000.0,101100000.0
That Awkward Moment,2014,"['Comedy', 'Romance']",94.0,6.2,92148,Focus,26100000.0,14400000.0
Gold,2016,"['Adventure', 'Drama', 'Thriller']",120.0,6.7,50509,Wein.,7200000.0,7700000.0
Step Up Revolution,2012,"['Drama', 'Music', 'Romance']",99.0,6.5,51295,LG/S,35100000.0,105400000.0
Gotti,2018,"['Biography', 'Crime', 'Drama']",112.0,4.8,10358,VE,4300000.0,0.0
The Lady,2011,"['Biography', 'Drama', 'History']",132.0,7.1,9726,Cohen,355000.0,3400000.0
The Women on the 6th Floor,2010,['Comedy'],102.0,7.1,9167,Strand,720000.0,22500000.0
Mama,2010,['Drama'],50.0,4.5,6,Uni.,71600000.0,74800000.0
Son of God,2010,['Documentary'],80.0,6.8,13,Fox,59700000.0,8100000.0
Super,2010,['Drama'],140.0,8.1,1869,IFC,328000.0,0.0
Jackpot,2011,"['Action', 'Comedy', 'Crime']",86.0,6.6,2941,DR,800.0,1100000.0
Unbroken,2014,"['Biography', 'Drama', 'Sport']",137.0,7.2,129981,Uni.,115600000.0,47800000.0
Little Boy,2015,"['Drama', 'History', 'War']",106.0,7.4,20945,ORF,6500000.0,0.0
The Salt of Life,2011,"['Comedy', 'Romance']",90.0,6.3,1593,Zeit.,317000.0,1200000.0
Admission,2013,"['Comedy', 'Drama', 'Romance']",107.0,5.7,31849,Focus,18000000.0,0.0
Project Nim,2011,['Documentary'],93.0,7.4,7928,RAtt.,411000.0,0.0
Frank,2012,['Drama'],94.0,6.9,34,Magn.,645000.0,0.0
After Earth,2013,"['Action', 'Adventure', 'Drama']",100.0,4.8,181687,Sony,60500000.0,183300000.0
Ernest & Celestine,2012,"['Adventure', 'Animation', 'Comedy']",80.0,7.9,15992,GK,262000.0,4800000.0
Welcome Back,2011,"['Documentary', 'Drama', 'Family']",49.0,6.7,6,Eros,1400000.0,0.0
The Place Beyond the Pines,2012,"['Crime', 'Drama', 'Thriller']",140.0,7.3,226765,Focus,21400000.0,14100000.0
Girl in Progress,2012,"['Comedy', 'Drama']",93.0,5.6,6199,LGF,2600000.0,2000000.0
Dreams of a Life,2011,"['Biography', 'Documentary', 'Drama']",95.0,6.8,2821,Strand,8400.0,0.0
War Witch,2012,"['Drama', 'War']",90.0,7.1,6652,Trib.,70500.0,0.0
Happy End,2011,"['Crime', 'Drama']",97.0,6.0,424,SPC,302000.0,0.0
Nebraska,2013,"['Adventure', 'Comedy', 'Drama']",115.0,7.7,105304,Par.,17700000.0,10000000.0
Bullhead,2011,"['Crime', 'Drama']",129.0,7.4,20708,Drft.,152000.0,0.0
The Congress,2013,"['Animation', 'Drama', 'Sci-Fi']",122.0,6.5,15996,Drft.,138000.0,318000.0
The Nut Job,2014,"['Adventure', 'Animation', 'Comedy']",85.0,5.7,24587,ORF,64300000.0,56600000.0
RED 2,2013,"['Action', 'Comedy', 'Crime']",116.0,6.6,148846,LG/S,53300000.0,94800000.0
Chappie,2015,"['Action', 'Crime', 'Drama']",120.0,6.8,213733,Sony,31600000.0,70500000.0
We Steal Secrets: The Story of WikiLeaks,2013,['Documentary'],130.0,6.9,7136,FCW,166000.0,0.0
The Double,2013,"['Comedy', 'Drama', 'Mystery']",93.0,6.5,44043,Imag.,138000.0,3600000.0
Black Panther,2018,"['Action', 'Adventure', 'Sci-Fi']",134.0,7.3,516148,BV,700100000.0,646900000.0
The Artist,2011,['Thriller'],100.0,6.8,6,Wein.,44700000.0,88800000.0
Life of the Party,2017,"['Comedy', 'Drama']",84.0,7.6,47,WB (NL),53100000.0,12800000.0
Tasting Menu,2013,['Comedy'],85.0,5.7,453,Magn.,18700.0,0.0
Once Upon a Time in Anatolia,2011,"['Crime', 'Drama']",157.0,7.9,34691,CGld,152000.0,1000000.0
Tales of the Night,2011,"['Animation', 'Fantasy']",84.0,6.9,1241,GK,11000.0,1700000.0
The Gambler,2015,['Drama'],105.0,7.0,10,Par.,33700000.0,5600000.0
Make Your Move,2013,"['Drama', 'Musical', 'Romance']",110.0,5.7,2922,HTR,125000.0,1300000.0
Delicacy,2011,"['Comedy', 'Drama', 'Romance']",108.0,6.6,11886,Cohen,499000.0,9200000.0
Passion,2012,"['Drama', 'Mystery', 'Thriller']",102.0,5.3,20153,EOne,92200.0,0.0
Rascals,2011,"['Action', 'Comedy', 'Crime']",128.0,2.9,2325,Eros,274000.0,0.0
The Last King,2015,"['Action', 'Drama', 'History']",110.0,4.6,62,Magn.,8900.0,0.0
I Am Eleven,2011,"['Biography', 'Documentary']",98.0,6.3,255,Proud,310000.0,0.0
A Separation,2011,"['Drama', 'Thriller']",123.0,8.3,197684,SPC,7100000.0,12800000.0
Dhoom 3,2013,"['Action', 'Thriller']",172.0,5.4,40466,Yash,8000000.0,80000000.0
Berberian Sound Studio,2012,"['Drama', 'Horror', 'Thriller']",92.0,6.2,12921,IFC,38500.0,0.0
Chloe,2013,"['Drama', 'Music', 'Romance']",73.0,6.9,34,SPC,3100000.0,8600000.0
Trishna,2011,['Drama'],117.0,6.0,2816,IFC,240000.0,0.0
A Royal Night Out,2015,"['Comedy', 'Drama', 'Romance']",97.0,6.5,8205,ADC,228000.0,0.0
Northern Soul,2014,"['Drama', 'Music']",102.0,6.4,3319,Free,8900.0,0.0
The Fifth Estate,2013,"['Biography', 'Drama', 'Thriller']",128.0,6.2,36392,BV,3300000.0,5300000.0
Winter's Tale,2014,"['Drama', 'Fantasy', 'Mystery']",118.0,6.2,49077,WB,12600000.0,18500000.0
Gone,2012,"['Action', 'Adventure', 'Drama']",94.0,5.9,39482,LG/S,11700000.0,6400000.0
Juan of the Dead,2011,"['Action', 'Comedy', 'Horror']",92.0,6.5,9158,Outs,18000.0,0.0
Ruby Sparks,2012,"['Comedy', 'Drama', 'Fantasy']",104.0,7.2,90963,FoxS,2500000.0,6600000.0
The Face of Love,2013,"['Drama', 'Mystery', 'Romance']",92.0,6.2,4710,IFC,350000.0,0.0
The Magic of Belle Isle,2012,"['Comedy', 'Drama']",109.0,7.0,16244,Magn.,102000.0,0.0
Divergent,2014,"['Action', 'Adventure', 'Mystery']",139.0,6.7,399703,LG/S,150900000.0,137900000.0
The Words,2012,"['Drama', 'Mystery', 'Romance']",102.0,7.1,70308,CBS,11500000.0,1700000.0
Three,2010,"['Drama', 'Thriller']",87.0,6.7,6,WGUSA,120000.0,0.0
Chillar Party,2011,"['Comedy', 'Drama', 'Family']",135.0,7.5,5900,UTV,6300.0,826000.0
Captain America: The Winter Soldier,2014,"['Action', 'Adventure', 'Sci-Fi']",136.0,7.8,666252,BV,259800000.0,454500000.0
Ai Weiwei: Never Sorry,2012,['Documentary'],91.0,7.6,3974,IFC,534000.0,0.0
Hunter Killer,2018,"['Action', 'Thriller']",122.0,6.6,33983,LG/S,15800000.0,0.0
The Guillotines,2012,"['Action', 'Drama']",112.0,4.8,1213,WGUSA,5300.0,0.0
The German Doctor,2013,"['Drama', 'History', 'Thriller']",93.0,6.8,5799,Gold.,418000.0,2600000.0
Agneepath,2012,"['Action', 'Drama']",174.0,7.0,20384,Eros,2000000.0,0.0
The Loft,2014,"['Mystery', 'Romance', 'Thriller']",108.0,6.3,46961,ORF,6000000.0,4099999.0
Sisters,2015,['Comedy'],118.0,6.0,58994,Uni.,87000000.0,18000000.0
A Letter to Momo,2011,"['Adventure', 'Animation', 'Comedy']",120.0,7.3,5741,GK,71700.0,6700000.0
Django Unchained,2012,"['Drama', 'Western']",165.0,8.4,1211405,Wein.,162800000.0,262600000.0
You're Next,2011,"['Action', 'Comedy', 'Horror']",95.0,6.6,79451,LGF,18500000.0,0.0
Love Is All You Need,2012,"['Comedy', 'Drama', 'Romance']",116.0,6.5,12240,SPC,1600000.0,8400000.0
Blancanieves,2012,"['Drama', 'Fantasy']",104.0,7.6,9746,Cohen,280000.0,0.0
Percy Jackson: Sea of Monsters,2013,"['Adventure', 'Family', 'Fantasy']",106.0,5.8,102313,Fox,68600000.0,131300000.0
End of Watch,2012,"['Action', 'Crime', 'Drama']",109.0,7.6,211308,ORF,41000000.0,7100000.0
Just Like a Woman,2012,['Drama'],87.0,5.5,2447,Cohen,11400.0,0.0
Resident Evil: Retribution,2012,"['Action', 'Horror', 'Sci-Fi']",95.0,5.4,125191,SGem,42300000.0,197700000.0
Love in Space,2011,"['Comedy', 'Romance']",100.0,5.5,302,CL,34800.0,0.0
Phantom Boy,2015,"['Action', 'Adventure', 'Animation']",84.0,6.6,1156,GK,34400.0,0.0
Blade Runner 2049,2017,"['Drama', 'Mystery', 'Sci-Fi']",164.0,8.0,376241,WB,92100000.0,167200000.0
The Sorcerer and the White Snake,2011,"['Action', 'Fantasy', 'Romance']",100.0,5.9,7691,Magn.,18800.0,2100000.0
Alps,2011,['Drama'],93.0,6.4,8505,KL,16100.0,0.0
To Rome with Love,2012,"['Comedy', 'Music', 'Romance']",112.0,6.3,79381,SPC,16700000.0,56600000.0
17 Girls,2011,['Drama'],86.0,6.0,2980,Strand,15100.0,186000.0
Dirty Grandpa,2016,['Comedy'],102.0,5.9,101393,LGF,35600000.0,58500000.0
Turbo,2013,"['Adventure', 'Animation', 'Comedy']",96.0,6.4,74639,Fox,83000000.0,199500000.0
Deepwater Horizon,2016,"['Action', 'Drama', 'History']",107.0,7.1,133303,LG/S,61400000.0,60400000.0
Safety Not Guaranteed,2012,"['Comedy', 'Drama', 'Romance']",86.0,7.0,111907,FD,4000000.0,0.0
Song of the Sea,2014,"['Adventure', 'Animation', 'Drama']",93.0,8.1,43966,GK,858000.0,0.0
The Sessions,2012,"['Biography', 'Comedy', 'Drama']",95.0,7.2,39731,FoxS,6000000.0,3100000.0
Mama,2010,['Drama'],71.0,6.8,24,Uni.,71600000.0,74800000.0
The East,2013,"['Adventure', 'Drama', 'Thriller']",116.0,6.8,46804,FoxS,2300000.0,99700.0
Won't Back Down,2012,['Drama'],121.0,6.4,5915,Fox,5300000.0,0.0
Marius,2013,['Drama'],93.0,6.8,918,KL,9800.0,2200000.0
The Amazing Spider-Man 2,2014,"['Action', 'Adventure', 'Sci-Fi']",142.0,6.6,388363,Sony,202900000.0,506100000.0
The Judge,2014,"['Crime', 'Drama']",141.0,7.4,162952,WB,47100000.0,37300000.0
Liberal Arts,2012,"['Comedy', 'Drama', 'Romance']",97.0,6.7,34091,IFC,327000.0,0.0
Into the White,2012,"['Action', 'Biography', 'Drama']",104.0,7.2,18040,Magn.,700.0,0.0
Oblivion,2011,['Thriller'],116.0,8.0,8,Uni.,89100000.0,197100000.0
X-Men: Days of Future Past,2014,"['Action', 'Adventure', 'Sci-Fi']",132.0,8.0,620079,Fox,233900000.0,513900000.0
The Darkness,2016,"['Horror', 'Thriller']",92.0,4.4,12435,BH Tilt,10800000.0,0.0
The Edge of Seventeen,2016,"['Comedy', 'Drama']",104.0,7.3,87602,STX,14400000.0,4400000.0
Maggie,2015,"['Drama', 'Horror']",95.0,5.6,38671,RAtt.,187000.0,0.0
A Pigeon Sat on a Branch Reflecting on Existence,2014,"['Comedy', 'Drama', 'Fantasy']",101.0,7.0,14199,Magn.,223000.0,0.0
Chalo Dilli,2011,"['Comedy', 'Drama']",155.0,6.8,2765,Eros,94300.0,0.0
The Warring States,2011,"['Drama', 'War']",126.0,4.6,458,CL,69000.0,11800000.0
Corpo Celeste,2011,['Drama'],99.0,6.7,912,FM,8900.0,0.0
Life in a day,2010,['Documentary'],60.0,7.2,17,NGE,253000.0,0.0
Bol,2011,['Drama'],165.0,8.3,8212,Eros,189000.0,0.0
Spotlight,2015,"['Crime', 'Drama']",129.0,8.1,365110,ORF,45100000.0,53200000.0
The Raid: Redemption,2011,"['Action', 'Thriller']",101.0,7.6,175968,SPC,4099999.0,0.0
Paranoia,2012,['Thriller'],87.0,5.3,26,Rela.,7400000.0,6400000.0
Parker,2013,"['Action', 'Crime', 'Thriller']",118.0,6.2,105529,FD,17600000.0,28600000.0
Fast & Furious 6,2013,"['Action', 'Crime', 'Thriller']",130.0,7.1,346747,Uni.,238700000.0,550000000.0
Flight,2012,"['Drama', 'Thriller']",138.0,7.3,303009,Par.,93800000.0,68000000.0
The Good Lie,2012,['Thriller'],92.0,6.4,87,WB,2700000.0,0.0
Le Chef,2012,"['Comedy', 'Drama']",84.0,6.7,15037,Cohen,343000.0,5900000.0
The Call,2013,"['Crime', 'Drama', 'Horror']",94.0,6.7,103780,TriS,51900000.0,16700000.0
Penguins of Madagascar,2014,"['Adventure', 'Animation', 'Comedy']",92.0,6.7,72551,Fox,83400000.0,289700000.0
God Bless America,2011,"['Adventure', 'Comedy', 'Crime']",105.0,7.2,65913,Magn.,123000.0,0.0
Magic Mike,2012,"['Comedy', 'Drama']",110.0,6.1,123955,WB,113700000.0,53500000.0
Joker,2012,"['Comedy', 'Family', 'Sci-Fi']",104.0,2.6,4552,UTV,169000.0,0.0
Murder 2,2011,"['Action', 'Crime', 'Thriller']",127.0,6.2,5773,Eros,59500.0,0.0
Bachelorette,2012,"['Comedy', 'Romance']",87.0,5.3,43131,RTWC,448000.0,11500000.0
Pompeii,2014,"['Action', 'Adventure', 'Drama']",105.0,5.5,100467,TriS,23200000.0,94600000.0
Trash,2014,"['Adventure', 'Crime', 'Drama']",114.0,7.2,18690,FCW,17500.0,4800000.0
Truth,2011,"['Drama', 'Romance']",99.0,5.8,75,SPC,2500000.0,0.0
The Fairy,2011,"['Comedy', 'Drama']",93.0,6.1,2201,KL,38400.0,0.0
Sinister,2012,"['Horror', 'Mystery', 'Thriller']",110.0,6.8,198345,LG/S,48100000.0,29600000.0
The Angels' Share,2012,"['Comedy', 'Crime', 'Drama']",101.0,7.0,21686,IFC,347000.0,6700000.0
The Best Offer,2013,"['Crime', 'Drama', 'Mystery']",131.0,7.8,96073,IFC,100000.0,0.0
Trance,2013,"['Crime', 'Drama', 'Mystery']",101.0,6.9,104951,FoxS,2300000.0,21900000.0
Let's Be Cops,2014,"['Comedy', 'Crime']",104.0,6.4,121633,Fox,82400000.0,55800000.0
Elena,2011,"['Crime', 'Drama', 'Thriller']",109.0,7.3,11307,Zeit.,233000.0,0.0
The Protector 2,2013,['Action'],104.0,5.3,6142,Magn.,2500.0,3300000.0
Heaven Is for Real,2014,"['Biography', 'Drama', 'Family']",99.0,5.8,24267,TriS,91400000.0,9900000.0
Arthur Newman,2012,['Drama'],93.0,5.7,6597,Cdgm.,208000.0,0.0
The Big Wedding,2013,"['Comedy', 'Drama', 'Romance']",89.0,5.6,44221,LGF,21800000.0,24700000.0
Declaration of War,2011,['Drama'],100.0,7.0,4743,IFC,59100.0,5800000.0
Seven Psychopaths,2012,"['Comedy', 'Crime']",110.0,7.2,223493,CBS,15000000.0,4400000.0
The Greatest Miracle,2011,"['Animation', 'Drama']",70.0,4.5,265,KKM,555000.0,2500000.0
Very Good Girls,2013,"['Drama', 'Romance']",91.0,6.0,13422,WGUSA,6900.0,0.0
Thanks for Sharing,2012,"['Comedy', 'Drama', 'Romance']",112.0,6.4,24665,RAtt.,1100000.0,0.0
What Maisie Knew,2012,['Drama'],99.0,7.5,25455,MNE,1100000.0,0.0
Delhi Belly,2011,"['Action', 'Comedy', 'Crime']",103.0,7.6,24622,UTV,1500000.0,15200000.0
Yossi,2012,"['Drama', 'Romance']",84.0,7.0,2629,Strand,117000.0,0.0
A Beautiful Life,2011,"['Drama', 'Romance']",124.0,6.7,676,CL,66200.0,0.0
Blind,2017,"['Drama', 'Romance']",98.0,5.7,2974,VE,12500.0,0.0
Mud,2012,['Drama'],130.0,7.4,156786,RAtt.,21600000.0,11000000.0
Overdrive,2017,"['Action', 'Thriller']",93.0,5.4,10299,VE,7800.0,0.0
Miss Peregrine's Home for Peculiar Children,2016,"['Adventure', 'Drama', 'Fantasy']",127.0,6.7,140619,Fox,87200000.0,209200000.0
Amityville: The Awakening,2017,"['Horror', 'Thriller']",85.0,4.9,10930,W/Dim.,700.0,7700000.0
Always Kabhi Kabhi,2011,"['Comedy', 'Crime', 'Drama']",126.0,4.3,1213,Eros,21400.0,0.0
Chinese Puzzle,2013,"['Comedy', 'Drama', 'Romance']",117.0,7.0,12335,Cohen,339000.0,7100000.0
On the Other Side of the Tracks,2012,"['Action', 'Comedy', 'Crime']",96.0,5.8,4370,Wein.,9600.0,25100000.0
At Any Price,2012,"['Drama', 'Sport', 'Thriller']",105.0,5.7,6806,SPC,381000.0,0.0
Morgan,2012,"['Drama', 'Romance']",89.0,6.8,1232,Fox,3900000.0,4900000.0
You've Been Trumped,2011,['Documentary'],79.0,7.5,2069,ICir,29300.0,0.0
Begin Again,2013,"['Drama', 'Family']",68.0,7.0,57,Wein.,16200000.0,47300000.0
About Cherry,2012,['Drama'],98.0,4.8,9197,IFC,3000.0,0.0
Gladiators of Rome,2012,"['Adventure', 'Animation', 'Comedy']",94.0,5.2,1150,VPD,8200.0,10100000.0
Singham,2011,"['Action', 'Drama']",143.0,6.8,12893,Relbig.,351000.0,0.0
Heroine,2012,['Drama'],149.0,5.1,3685,UTV,599000.0,7400000.0
Capital,2012,['Drama'],114.0,6.5,4736,Cohen,102000.0,2400000.0
The Immigrant,2013,"['Drama', 'Romance']",120.0,6.6,26618,Wein.,2000000.0,3800000.0
The Look of Love,2013,"['Biography', 'Comedy', 'Drama']",101.0,6.0,6263,IFC,21300.0,0.0
The Hangover Part III,2013,"['Adventure', 'Comedy', 'Crime']",100.0,5.8,270695,WB,112200000.0,249800000.0
The Hunger Games: Catching Fire,2013,"['Action', 'Adventure', 'Sci-Fi']",146.0,7.5,575455,LGF,424700000.0,440300000.0
The Hunger Games: Mockingjay - Part 1,2014,"['Action', 'Adventure', 'Sci-Fi']",123.0,6.6,379050,LGF,337100000.0,418200000.0
The Hunger Games: Mockingjay - Part 2,2015,"['Action', 'Adventure', 'Sci-Fi']",137.0,6.6,252384,LGF,281700000.0,371700000.0
Borgman,2013,"['Drama', 'Horror', 'Mystery']",113.0,6.8,14518,Drft.,57500.0,952000.0
A Coffee in Berlin,2012,"['Comedy', 'Drama']",86.0,7.4,13713,MBox,150000.0,2600000.0
Sex Tape,2014,"['Comedy', 'Romance']",94.0,5.1,100520,Sony,38500000.0,87500000.0
Noah,2014,"['Action', 'Adventure', 'Drama']",138.0,5.8,229326,Par.,101200000.0,261399999.0
The Hitman's Bodyguard,2017,"['Action', 'Comedy', 'Thriller']",118.0,6.9,161764,LG/S,75500000.0,101100000.0
American Assassin,2017,"['Action', 'Thriller']",112.0,6.2,57793,LGF,36200000.0,31000000.0
The House,2011,"['Drama', 'Mystery', 'Thriller']",109.0,4.6,50,WB (NL),25600000.0,8600000.0
Tomorrowland,2015,"['Action', 'Adventure', 'Family']",130.0,6.4,161343,BV,93400000.0,115700000.0
In the House,2012,"['Drama', 'Mystery', 'Thriller']",105.0,7.4,27285,Cohen,390000.0,11500000.0
Father Figures,2017,"['Adventure', 'Comedy', 'Drama']",113.0,5.5,14373,WB,17500000.0,8100000.0
The Imposter,2012,"['Biography', 'Crime', 'Documentary']",99.0,7.5,42193,IM,898000.0,1100000.0
Labor Day,2013,"['Drama', 'Romance']",111.0,6.9,39242,Par.,13400000.0,6900000.0
Tag,2015,['Drama'],91.0,4.6,158,WB (NL),54700000.0,23400000.0
Love Is in the Air,2012,['Comedy'],97.0,5.3,769,FCW,8400.0,0.0
Infinitely Polar Bear,2014,"['Comedy', 'Drama', 'Romance']",90.0,7.0,13907,SPC,1400000.0,0.0
Compliance,2012,"['Biography', 'Crime', 'Drama']",90.0,6.4,28703,Magn.,319000.0,0.0
A Most Wanted Man,2014,"['Crime', 'Drama', 'Thriller']",122.0,6.8,67914,RAtt.,17200000.0,19000000.0
King Arthur: Legend of the Sword,2017,"['Action', 'Adventure', 'Drama']",126.0,6.8,169054,WB,39200000.0,109500000.0
Into the Abyss,2011,"['Crime', 'Documentary', 'Drama']",107.0,7.3,14885,IFC,224000.0,0.0
The Best of Me,2014,"['Drama', 'Romance']",118.0,6.7,59750,Rela.,26800000.0,9200000.0
The Neon Demon,2016,"['Horror', 'Thriller']",117.0,6.2,72359,BG,1300000.0,0.0
Rules Don't Apply,2016,"['Comedy', 'Drama', 'Romance']",127.0,5.7,7794,Fox,3700000.0,233000.0
The Two Faces of January,2014,"['Romance', 'Thriller']",96.0,6.2,27542,Magn.,507000.0,13000000.0
Victor Frankenstein,2015,"['Drama', 'Horror', 'Sci-Fi']",110.0,6.0,47492,Fox,5800000.0,28500000.0
Policeman,2011,['Drama'],105.0,6.2,766,Crnth,11300.0,27000.0
The Good Dinosaur,2015,"['Adventure', 'Animation', 'Comedy']",93.0,6.7,91465,BV,123100000.0,209100000.0
Begin Again,2013,"['Comedy', 'Drama', 'Music']",104.0,7.4,129884,Wein.,16200000.0,47300000.0
Housefull 2,2012,"['Action', 'Comedy', 'Musical']",145.0,5.4,11725,Eros,1800000.0,0.0
Tai Chi Zero,2012,"['Action', 'Adventure', 'Drama']",98.0,6.1,4593,Vari.,212000.0,0.0
Thor: The Dark World,2013,"['Action', 'Adventure', 'Fantasy']",112.0,6.9,540996,BV,206400000.0,438200000.0
Geostorm,2017,"['Action', 'Sci-Fi', 'Thriller']",109.0,5.3,78287,WB,33700000.0,187900000.0
Pitch Perfect,2012,"['Comedy', 'Music', 'Romance']",112.0,7.2,256565,Uni.,65000000.0,50300000.0
Gerhard Richter Painting,2011,['Documentary'],97.0,7.2,600,KL,243000.0,0.0
Austenland,2013,"['Comedy', 'Romance']",97.0,6.3,17898,SPC,2200000.0,0.0
The Angry Birds Movie,2016,"['Action', 'Animation', 'Comedy']",97.0,6.3,69624,Sony,107500000.0,244800000.0
Cloudy with a Chance of Meatballs 2,2013,"['Adventure', 'Animation', 'Comedy']",95.0,6.4,81010,Sony,119800000.0,154500000.0
Desi Boyz,2011,"['Comedy', 'Drama']",122.0,5.9,11865,Eros,1100000.0,0.0
Storage 24,2012,"['Action', 'Horror', 'Mystery']",87.0,4.4,6229,Magn.,100.0,0.0
Thelma,2011,"['Drama', 'Family']",111.0,6.8,33,Orch.,147000.0,0.0
In Another Country,2012,['Drama'],89.0,6.4,2754,KL,25100.0,0.0
Robot & Frank,2012,"['Comedy', 'Crime', 'Drama']",89.0,7.1,59229,Gold.,3300000.0,0.0
The Island President,2011,['Documentary'],101.0,7.3,1115,Gold.,76400.0,0.0
Chernobyl Diaries,2012,"['Horror', 'Mystery', 'Thriller']",86.0,5.0,60304,WB,18100000.0,19000000.0
Our Kind of Traitor,2016,"['Crime', 'Drama', 'Thriller']",108.0,6.2,17511,RAtt.,3200000.0,7600000.0
"For a Good Time, Call...",2012,['Comedy'],85.0,6.0,14990,Focus,1300000.0,0.0
Lore,2012,"['Drama', 'History', 'Romance']",109.0,7.1,13386,MBox,970000.0,0.0
Hell Fest,2018,['Horror'],89.0,5.5,8662,LGF,11100000.0,7100000.0
Breathe In,2013,"['Drama', 'Romance']",98.0,6.4,13239,Cohen,89700.0,0.0
Machete Kills,2013,"['Action', 'Crime', 'Sci-Fi']",107.0,5.6,69968,ORF,8000000.0,7000000.0
Neighbors,2014,['Comedy'],97.0,6.3,266020,Uni.,150200000.0,120500000.0
War Dogs,2016,"['Comedy', 'Crime', 'Drama']",114.0,7.1,154029,WB,43000000.0,43200000.0
The 33,2015,"['Biography', 'Drama', 'History']",127.0,6.9,32263,WB,12200000.0,12700000.0
A Simple Life,2011,['Drama'],118.0,7.6,4824,CL,192000.0,2600000.0
First Position,2011,['Documentary'],95.0,7.6,3178,IFC,1000000.0,0.0
Believe,2013,"['Drama', 'Sport']",96.0,5.7,695,ORF,6200000.0,0.0
Pastorela,2011,"['Comedy', 'Fantasy']",88.0,6.2,843,LGF,161000.0,2700000.0
Chips,2012,['Comedy'],68.0,6.8,145,WB,18600000.0,8199999.0
Keep the Lights On,2012,"['Drama', 'Romance']",101.0,6.3,4984,MBox,246000.0,0.0
Passion,2010,"['Biography', 'Documentary']",84.0,8.4,7,EOne,92200.0,0.0
The Wind Rises,2013,"['Animation', 'Biography', 'Drama']",126.0,7.8,60943,BV,5200000.0,112700000.0
Spinning Plates,2012,['Documentary'],93.0,7.2,888,TFA,112000.0,0.0
Violeta Went to Heaven,2011,"['Biography', 'Drama', 'Music']",110.0,7.3,1877,KL,21500.0,1200000.0
Guardians of the Galaxy,2014,"['Action', 'Adventure', 'Comedy']",121.0,8.1,948394,BV,333200000.0,440200000.0
Ek Tha Tiger,2012,"['Action', 'Romance', 'Thriller']",132.0,5.5,26393,Yash,2300000.0,0.0
Man of Tai Chi,2013,"['Action', 'Drama']",105.0,6.1,32991,RTWC,100000.0,0.0
The Smurfs 2,2013,"['Adventure', 'Animation', 'Comedy']",105.0,5.4,34229,Sony,71000000.0,276500000.0
All Is Lost,2013,"['Action', 'Adventure', 'Drama']",106.0,6.9,70888,RAtt.,6300000.0,7400000.0
Journey to the West,2013,"['Action', 'Adventure', 'Comedy']",110.0,6.8,10728,Magn.,18100.0,205600000.0
Camille Claudel 1915,2013,"['Biography', 'Drama']",95.0,6.5,2794,KL,35300.0,0.0
Diary of a Wimpy Kid: Dog Days,2012,"['Comedy', 'Family']",94.0,6.3,19571,Fox,49000000.0,28100000.0
Mama,2013,"['Horror', 'Thriller']",100.0,6.2,158487,Uni.,71600000.0,74800000.0
Sightseers,2012,"['Adventure', 'Comedy', 'Crime']",88.0,6.5,24837,IFC,61800.0,0.0
Identity Thief,2013,"['Adventure', 'Comedy', 'Crime']",111.0,5.7,115624,Uni.,134500000.0,39500000.0
Non-Stop,2014,"['Action', 'Mystery', 'Thriller']",106.0,7.0,234717,Uni.,92200000.0,130600000.0
12 Years a Slave,2013,"['Biography', 'Drama', 'History']",134.0,8.1,577301,FoxS,56700000.0,131100000.0
Blind,2011,"['Action', 'Crime', 'Drama']",111.0,6.9,2200,VE,12500.0,0.0
War of the Arrows,2011,['Action'],122.0,7.2,10214,CJ,251000.0,45800000.0
The Finest Hours,2016,"['Action', 'Drama', 'History']",117.0,6.8,55981,BV,27600000.0,24500000.0
Mood Indigo,2013,"['Comedy', 'Drama', 'Fantasy']",131.0,6.5,14176,Drft.,303000.0,9500000.0
A Better Life,2011,['Drama'],110.0,6.6,1519,Sum.,1800000.0,0.0
The Reluctant Fundamentalist,2012,"['Drama', 'Thriller']",130.0,6.9,12511,IFC,553000.0,0.0
Laggies,2014,"['Comedy', 'Drama', 'Romance']",99.0,6.4,38885,A24,1100000.0,0.0
The Last Exorcism Part II,2013,"['Drama', 'Horror', 'Thriller']",88.0,4.0,15124,CBS,15200000.0,0.0
The Great Wall,2016,"['Action', 'Adventure', 'Fantasy']",103.0,6.0,111602,Uni.,45500000.0,289400000.0
The Gambler,2014,"['Crime', 'Drama', 'Thriller']",111.0,6.0,59995,Par.,33700000.0,5600000.0
Inside Llewyn Davis,2013,"['Drama', 'Music']",104.0,7.5,123759,CBS,13200000.0,19700000.0
Neil Young Journeys,2011,"['Documentary', 'Music']",87.0,6.5,653,SPC,215000.0,0.0
Night Moves,2013,"['Action', 'Drama', 'Thriller']",112.0,6.0,12621,Cdgm.,272000.0,0.0
A Glimpse Inside the Mind of Charles Swan III,2012,['Comedy'],86.0,4.8,4653,A24,45400.0,0.0
Diana Vreeland: The Eye Has to Travel,2011,"['Biography', 'Documentary']",86.0,7.5,1299,Gold.,1000000.0,0.0
Muran,2011,"['Action', 'Thriller']",103.0,6.5,244,UTV,30100.0,0.0
Rust and Bone,2012,"['Drama', 'Romance']",120.0,7.5,58887,SPC,2100000.0,23700000.0
The English Teacher,2013,"['Comedy', 'Drama']",93.0,5.8,11145,Cdgm.,105000.0,0.0
A Bigger Splash,2015,"['Drama', 'Thriller']",125.0,6.4,23311,FoxS,2000000.0,5500000.0
Eye in the Sky,2015,"['Drama', 'Thriller', 'War']",102.0,7.3,72301,BST,18700000.0,0.0
The Railway Man,2013,"['Biography', 'Drama', 'Romance']",116.0,7.1,34586,Wein.,4400000.0,17900000.0
13 Sins,2014,"['Horror', 'Thriller']",93.0,6.3,29550,RTWC,13800.0,0.0
Postman Pat: The Movie,2014,"['Animation', 'Comedy', 'Family']",88.0,4.6,1461,Shout!,1500.0,1300000.0
Song to Song,2017,"['Drama', 'Music', 'Romance']",129.0,5.7,15582,BG,444000.0,0.0
Something from Nothing: The Art of Rap,2012,"['Documentary', 'Music']",106.0,7.2,3217,IM,288000.0,0.0
The Viral Factor,2012,"['Action', 'Drama', 'Thriller']",122.0,6.0,2405,CL,220000.0,0.0
Eden,2012,"['Comedy', 'Drama']",101.0,6.9,18,BG,65500.0,0.0
Hello I Must Be Going,2012,"['Comedy', 'Drama', 'Romance']",95.0,6.2,5489,Osci.,107000.0,0.0
Smashed,2012,['Drama'],81.0,6.8,15627,SPC,377000.0,0.0
Any Day Now,2012,['Drama'],98.0,7.5,5464,MBox,201000.0,0.0
Populaire,2012,"['Comedy', 'Romance', 'Sport']",111.0,6.9,10746,Wein.,179000.0,5300000.0
Inside Out,2011,['Family'],59.0,7.3,15,BV,356500000.0,501100000.0
Shanghai,2012,"['Crime', 'Mystery', 'Thriller']",120.0,7.2,9047,Wein.,46400.0,9200000.0
Attack on Titan: Part 1,2015,"['Action', 'Adventure', 'Drama']",98.0,5.1,11020,FUN,450000.0,0.0
Sleepless,2017,"['Action', 'Crime', 'Thriller']",95.0,5.6,25827,ORF,20800000.0,12100000.0
The Other Son,2012,['Drama'],105.0,7.4,3144,Cohen,1300000.0,0.0
Marina Abramovic: The Artist Is Present,2012,"['Biography', 'Documentary', 'History']",106.0,7.9,5317,MBox,86600.0,0.0
Still Mine,2012,['Drama'],102.0,7.4,3681,Gold.,1200000.0,0.0
Holy Motors,2012,"['Drama', 'Fantasy']",115.0,7.1,36874,IM,641000.0,0.0
Rowdy Rathore,2012,['Action'],140.0,5.9,18953,UTV,777000.0,28600000.0
Steve Jobs,2015,"['Biography', 'Drama']",122.0,7.2,138668,Uni.,17800000.0,16700000.0
Barfi!,2012,"['Comedy', 'Drama', 'Romance']",151.0,8.1,68941,UTV,2800000.0,0.0
A Bottle in the Gaza Sea,2010,['Drama'],100.0,7.2,988,FM,5900.0,306000.0
The Best Man Holiday,2013,"['Comedy', 'Drama']",123.0,6.7,13967,Uni.,70500000.0,2300000.0
Trouble with the Curve,2012,"['Drama', 'Sport']",111.0,6.8,56129,WB,35800000.0,13200000.0
Starry Starry Night,2011,['Drama'],99.0,6.9,1057,CL,10000.0,0.0
The Daughter,2012,['Drama'],87.0,6.4,82,KL,26400.0,0.0
The Imitation Game,2014,"['Biography', 'Drama', 'Thriller']",114.0,8.0,620834,Wein.,91100000.0,142400000.0
The Players,2012,['Comedy'],109.0,5.3,7385,Wein.,10900.0,24600000.0
Big Game,2014,"['Action', 'Adventure', 'Crime']",90.0,5.4,28615,EC,24600.0,0.0
Rising from Ashes,2012,"['Documentary', 'Sport']",82.0,7.5,221,FRun,38600.0,0.0
Captain Underpants: The First Epic Movie,2017,"['Action', 'Animation', 'Comedy']",89.0,6.2,21903,Fox,73900000.0,51600000.0
Mr. Right,2015,"['Action', 'Comedy', 'Romance']",95.0,6.3,41457,FCW,34700.0,0.0
What Richard Did,2012,['Drama'],88.0,6.3,4298,Trib.,2700.0,0.0
Elvis & Nixon,2016,"['Comedy', 'History']",86.0,6.4,12000,BST,1100000.0,0.0
Assassin's Creed,2016,"['Action', 'Adventure', 'Sci-Fi']",115.0,5.8,167110,Fox,54600000.0,186300000.0
Haute Cuisine,2012,"['Biography', 'Comedy']",95.0,6.4,5478,Wein.,218000.0,11200000.0
Dumb and Dumber To,2014,"['Adventure', 'Comedy']",109.0,5.6,118646,Uni.,86200000.0,83600000.0
Inside Out,2015,"['Adventure', 'Animation', 'Comedy']",95.0,8.2,536181,BV,356500000.0,501100000.0
"McFarland, USA",2015,"['Biography', 'Drama', 'Sport']",129.0,7.4,31735,BV,44500000.0,1200000.0
Hit and Run,2012,"['Action', 'Comedy']",100.0,6.1,32414,ORF,13700000.0,704000.0
The Family Fang,2015,"['Comedy', 'Drama', 'Mystery']",105.0,6.1,6964,SM,263000.0,0.0
Bodyguard,2012,"['Action', 'Comedy']",150.0,5.2,334,Relbig.,1800000.0,0.0
Dead Man Down,2013,"['Action', 'Crime', 'Drama']",118.0,6.5,61238,FD,10900000.0,7200000.0
Knight of Cups,2015,"['Drama', 'Romance']",118.0,5.7,22242,BG,566000.0,0.0
Spring Breakers,2012,"['Comedy', 'Crime', 'Drama']",94.0,5.3,126504,A24,14100000.0,17600000.0
My Lucky Star,2013,"['Action', 'Adventure', 'Comedy']",114.0,5.1,404,CL,64400.0,0.0
Tammy,2014,"['Comedy', 'Romance']",97.0,4.9,44345,WB (NL),84500000.0,16000000.0
Emperor,2012,"['Drama', 'History', 'War']",105.0,6.5,12290,RAtt.,3300000.0,0.0
Adore,2013,"['Drama', 'Romance']",112.0,6.2,29703,EXCL,319000.0,0.0
Dawn of the Planet of the Apes,2014,"['Action', 'Adventure', 'Drama']",130.0,7.6,390199,Fox,208500000.0,502100000.0
Steve Jobs: The Lost Interview,2012,['Documentary'],70.0,8.0,1676,Magn.,106000.0,0.0
Upside Down,2012,['Drama'],81.0,6.6,45,MNE,105000.0,8000000.0
V/H/S,2012,"['Horror', 'Thriller']",116.0,5.8,53034,Magn.,100000.0,0.0
Into the Storm,2014,"['Action', 'Adventure', 'Drama']",89.0,5.8,60894,WB (NL),47600000.0,114100000.0
The Hunt,2012,['Drama'],115.0,8.3,242765,Magn.,613000.0,0.0
Jackie,2012,"['Comedy', 'Drama']",100.0,6.8,1952,FoxS,14000000.0,0.0
Noah,2011,"['Drama', 'Thriller']",105.0,6.5,12,Par.,101200000.0,261399999.0
Paranormal Activity 4,2012,"['Horror', 'Mystery', 'Thriller']",88.0,4.6,58408,Par.,53900000.0,88900000.0
Transformers: Age of Extinction,2014,"['Action', 'Adventure', 'Sci-Fi']",165.0,5.7,283486,Par.,245400000.0,858600000.0
Absolutely Fabulous: The Movie,2016,"['Comedy', 'Crime']",91.0,5.4,10928,FoxS,4800000.0,33100000.0
Chennai Express,2013,"['Action', 'Comedy']",141.0,6.1,44841,UTV,5300000.0,0.0
Dabangg 2,2012,"['Action', 'Comedy']",120.0,4.9,13622,Eros,2500000.0,0.0
For No Good Reason,2012,"['Biography', 'Documentary', 'History']",89.0,7.0,1316,SPC,67400.0,0.0
El clan,2012,"['Action', 'Crime', 'Thriller']",89.0,7.1,51,FIP,201000.0,20200000.0
Back to 1942,2012,['Drama'],145.0,6.9,2847,CL,313000.0,0.0
Ginger & Rosa,2012,['Drama'],90.0,6.3,9652,A24,1000000.0,0.0
Patience (After Sebald),2012,['Documentary'],86.0,6.9,246,CGld,15900.0,0.0
Special ID,2013,"['Action', 'Crime']",99.0,5.6,3605,WGUSA,12700.0,0.0
Hacksaw Ridge,2016,"['Biography', 'Drama', 'History']",139.0,8.1,366904,LGF,67200000.0,108100000.0
The House with a Clock in Its Walls,2018,"['Comedy', 'Fantasy', 'Horror']",105.0,6.0,32995,Uni.,68500000.0,62900000.0
Pixels,2015,"['Action', 'Comedy', 'Sci-Fi']",105.0,5.6,119789,Sony,78700000.0,166100000.0
Alpha,2013,['Crime'],116.0,5.5,102,Studio 8,35900000.0,62300000.0
Home Again,2012,['Drama'],104.0,6.6,360,ORF,27000000.0,0.0
Force Majeure,2014,"['Comedy', 'Drama']",120.0,7.3,41818,Magn.,1400000.0,0.0
Ferrari Ki Sawaari,2012,"['Comedy', 'Drama', 'Family']",140.0,6.4,4597,Eros,434000.0,0.0
28 Hotel Rooms,2012,"['Drama', 'Romance']",82.0,5.8,2757,Osci.,18900.0,0.0
Beasts of the Southern Wild,2012,"['Adventure', 'Drama', 'Fantasy']",93.0,7.3,77440,FoxS,12800000.0,8300000.0
Searching for Sugar Man,2012,"['Biography', 'Documentary', 'Music']",86.0,8.2,58654,SPC,3700000.0,0.0
The House I Live In,2012,['Documentary'],108.0,7.9,5023,Abr.,211000.0,0.0
The Queen of Versailles,2012,['Documentary'],100.0,7.1,11943,Magn.,2400000.0,0.0
Truth or Dare,2013,"['Horror', 'Romance', 'Thriller']",85.0,6.0,14,Uni.,41400000.0,53900000.0
Collide,2016,"['Action', 'Crime', 'Thriller']",99.0,5.7,13288,ORF,2300000.0,2500000.0
San Andreas,2015,"['Action', 'Adventure', 'Drama']",114.0,6.1,192750,WB (NL),155200000.0,318800000.0
Second Act,2018,"['Comedy', 'Drama', 'Romance']",103.0,5.8,13109,STX,39300000.0,33000000.0
Tere Naal Love Ho Gaya,2012,"['Comedy', 'Drama', 'Romance']",130.0,5.8,3780,UTV,178000.0,0.0
The Mule,2014,"['Comedy', 'Crime', 'Drama']",103.0,6.3,5788,WB,103800000.0,68700000.0
The Bling Ring,2013,"['Biography', 'Crime', 'Drama']",90.0,5.6,77726,A24,5800000.0,13300000.0
White Elephant,2012,['Drama'],105.0,6.5,4389,Strand,8900.0,4400000.0
Life's a Breeze,2013,"['Comedy', 'Drama']",83.0,6.3,977,Magn.,3500.0,99700.0
Born to Be Blue,2015,"['Biography', 'Drama', 'Music']",97.0,6.9,7071,EOne,152000.0,0.0
Rock On 2,2016,"['Drama', 'Music']",143.0,5.0,1731,Eros,98900.0,0.0
Jane Got a Gun,2015,"['Action', 'Drama', 'Western']",98.0,5.9,19051,Wein.,1500000.0,0.0
Saving Mr. Banks,2013,"['Biography', 'Comedy', 'Drama']",125.0,7.5,140678,BV,83300000.0,34600000.0
Self/less,2015,"['Action', 'Mystery', 'Sci-Fi']",117.0,6.5,80743,Focus,12300000.0,18200000.0
Tanu Weds Manu Returns,2015,"['Comedy', 'Drama', 'Romance']",128.0,7.7,23823,Eros,3000000.0,0.0
The Accountant,2016,"['Action', 'Crime', 'Drama']",128.0,7.3,233022,WB,86300000.0,68900000.0
Two Night Stand,2014,"['Comedy', 'Romance']",86.0,6.4,60510,EOne,18600.0,0.0
God Help the Girl,2014,"['Drama', 'Music', 'Romance']",112.0,6.4,8050,Ampl.,103000.0,0.0
Renoir,2012,"['Biography', 'Drama', 'History']",111.0,6.6,4806,Gold.,2300000.0,0.0
The Pervert's Guide to Ideology,2012,['Documentary'],136.0,7.6,5578,Zeit.,68000.0,0.0
Stone,2012,"['Crime', 'Drama', 'Thriller']",90.0,5.6,607,Over.,1800000.0,7700000.0
The Walk,2015,"['Crime', 'Thriller']",89.0,6.8,126,TriS,10100000.0,51000000.0
I Still See You,2018,"['Fantasy', 'Thriller']",98.0,5.7,5010,LGF,1400.0,1500000.0
Sleepless Night,2012,['Drama'],66.0,6.8,96,Trib.,3400.0,0.0
Drug War,2012,"['Action', 'Crime', 'Drama']",107.0,7.0,8513,Vari.,128000.0,0.0
Khiladi 786,2012,"['Action', 'Comedy']",141.0,4.4,5648,Eros,379000.0,0.0
Finding Mr. Right,2013,['Comedy'],121.0,6.4,2027,CL,6900.0,0.0
Horrible Bosses 2,2014,"['Comedy', 'Crime']",108.0,6.3,144442,WB,54400000.0,53200000.0
St. Vincent,2014,"['Comedy', 'Drama']",102.0,7.3,89372,Wein.,44100000.0,10700000.0
The Foreigner,2012,"['Comedy', 'Romance']",100.0,6.8,1526,STX,34400000.0,111000000.0
Student of the Year,2012,"['Comedy', 'Drama', 'Romance']",146.0,5.4,12940,Eros,670000.0,0.0
Maps to the Stars,2014,"['Comedy', 'Drama']",111.0,6.2,35049,FCW,351000.0,988000.0
3 Days to Kill,2014,"['Action', 'Drama', 'Thriller']",117.0,6.2,81681,Rela.,30700000.0,21900000.0
Metallica Through the Never,2013,['Music'],93.0,7.2,15592,PH,3400000.0,4600000.0
Jab Tak Hai Jaan,2012,"['Drama', 'Romance']",176.0,6.8,48364,Yash,3000000.0,0.0
For a Woman,2013,['Drama'],110.0,6.5,648,FM,32299.0,1200000.0
Caesar Must Die,2012,['Drama'],77.0,7.3,5691,AF,76900.0,0.0
The Monuments Men,2014,"['Comedy', 'Drama', 'History']",118.0,6.1,117638,Sony,78000000.0,77000000.0
Yeh Jawaani Hai Deewani,2013,"['Comedy', 'Drama', 'Musical']",160.0,7.1,33971,Eros,3800000.0,0.0
Son of Sardaar,2012,"['Action', 'Comedy']",141.0,4.0,8109,Eros,772000.0,0.0
Barbara,2012,['Drama'],105.0,7.2,11292,AF,1000000.0,3100000.0
The Kings of Summer,2013,"['Adventure', 'Comedy', 'Drama']",95.0,7.2,73230,CBS,1300000.0,0.0
American Sniper,2014,"['Action', 'Biography', 'Drama']",133.0,7.3,401915,WB,350100000.0,197300000.0
Into the Woods,2014,"['Adventure', 'Comedy', 'Drama']",125.0,6.0,123577,BV,128000000.0,85100000.0
English Vinglish,2012,"['Comedy', 'Drama', 'Family']",134.0,7.9,30323,Eros,1900000.0,0.0
Song One,2014,"['Drama', 'Music']",86.0,5.8,8559,TFA,32299.0,0.0
Earth to Echo,2014,"['Adventure', 'Family', 'Sci-Fi']",91.0,5.8,17627,Rela.,38900000.0,6400000.0
The Purge,2013,"['Horror', 'Thriller']",85.0,5.7,183549,Uni.,64500000.0,24900000.0
Luv Shuv Tey Chicken Khurana,2012,['Comedy'],140.0,6.6,3335,UTV,144000.0,0.0
Child's Pose,2013,['Drama'],112.0,7.4,7214,Zeit.,97200.0,0.0
Shirin Farhad Ki Toh Nikal Padi,2012,['Romance'],111.0,4.3,977,Eros,156000.0,0.0
The House That Jack Built,2013,"['Drama', 'Family']",90.0,6.7,100,IFC,88000.0,0.0
Grown Ups 2,2013,['Comedy'],101.0,5.4,128500,Sony,133699999.0,113300000.0
Jodi Breakers,2012,"['Comedy', 'Musical', 'Romance']",127.0,3.5,1051,Yash,52600.0,0.0
The Dark Horse,2014,"['Biography', 'Drama']",124.0,7.5,5250,BG,67500.0,0.0
The Counselor,2013,"['Crime', 'Drama', 'Thriller']",117.0,5.3,92096,Fox,17000000.0,54000000.0
About Time,2013,"['Comedy', 'Drama', 'Fantasy']",123.0,7.8,263136,Uni.,15300000.0,71800000.0
Run All Night,2015,"['Action', 'Drama', 'Thriller']",114.0,6.6,94131,WB,26500000.0,45200000.0
The Workshop,2012,"['Documentary', 'Family']",77.0,8.0,5,Strand,22100.0,0.0
Transcendence,2012,['Drama'],98.0,6.1,22,WB,23000000.0,80000000.0
The Other Woman,2014,"['Comedy', 'Romance']",109.0,6.0,122889,IFC,25400.0,427000.0
Addicted,2014,"['Drama', 'Thriller']",106.0,5.2,7640,LGF,17400000.0,0.0
Generation Iron,2013,"['Documentary', 'Drama', 'Sport']",106.0,7.1,7128,TVC,850000.0,0.0
Before Midnight,2013,"['Drama', 'Romance']",109.0,7.9,123107,SPC,8100000.0,3100000.0
Transcendence,2014,"['Action', 'Drama', 'Sci-Fi']",119.0,6.3,204481,WB,23000000.0,80000000.0
Half of a Yellow Sun,2013,"['Drama', 'Romance']",111.0,6.1,1595,Mont.,54500.0,0.0
The Nun,2013,['Drama'],112.0,6.5,1401,WB (NL),117500000.0,248100000.0
Paulette,2012,"['Comedy', 'Crime']",87.0,6.6,6279,Cohen,29500.0,0.0
Katy Perry: Part of Me,2012,"['Documentary', 'Music']",93.0,5.9,13034,Par.,25300000.0,7400000.0
A Hijacking,2012,"['Drama', 'Thriller']",103.0,7.2,14771,Magn.,414000.0,0.0
Louder Than Bombs,2015,['Drama'],109.0,6.6,10720,Orch.,164000.0,0.0
Closed Circuit,2013,"['Crime', 'Drama', 'Mystery']",96.0,6.2,20442,Focus,5800000.0,0.0
Fill the Void,2012,"['Drama', 'Romance']",90.0,6.7,3450,SPC,1800000.0,0.0
Seymour: An Introduction,2014,"['Biography', 'Documentary', 'Music']",84.0,7.5,921,IFC,744000.0,0.0
Now You See Me,2012,"['Drama', 'Horror', 'Thriller']",98.0,7.0,237,LG/S,117700000.0,234000000.0
Draft Day,2014,"['Drama', 'Sport']",110.0,6.8,48812,LG/S,28800000.0,620000.0
Lootera,2013,"['Drama', 'Romance']",136.0,7.3,13416,Eros,582000.0,0.0
The Mountain Between Us,2017,"['Action', 'Adventure', 'Drama']",112.0,6.4,57033,Fox,30300000.0,32500000.0
Don Jon,2013,"['Comedy', 'Drama', 'Romance']",90.0,6.6,216350,Rela.,24500000.0,6000000.0
Table No. 21,2013,"['Adventure', 'Thriller']",108.0,7.1,10185,Eros,46700.0,0.0
Gone,2012,['Drama'],50.0,6.6,7,LG/S,11700000.0,6400000.0
Canopy,2013,"['Adventure', 'Drama', 'Thriller']",84.0,4.9,919,Mont.,8500.0,0.0
Kin,2012,"['Drama', 'Music']",45.0,8.6,46,LGF,5700000.0,4300000.0
Calvary,2014,['Drama'],102.0,7.4,52266,FoxS,3600000.0,13300000.0
The Internship,2013,['Comedy'],119.0,6.3,179817,Fox,44700000.0,48800000.0
The Love Punch,2013,['Comedy'],94.0,5.7,11848,KE,267000.0,4500000.0
Dear White People,2014,"['Comedy', 'Drama', 'Romance']",108.0,6.1,23321,RAtt.,4400000.0,0.0
The Quiet Ones,2014,"['Horror', 'Mystery', 'Thriller']",98.0,5.1,17967,LGF,8500000.0,9300000.0
White Bird in a Blizzard,2014,"['Drama', 'Mystery', 'Thriller']",91.0,6.4,25376,Magn.,33800.0,0.0
Love in the Buff,2012,"['Comedy', 'Romance']",112.0,6.9,1507,CL,256000.0,0.0
Valerian and the City of a Thousand Planets,2017,"['Action', 'Adventure', 'Fantasy']",137.0,6.5,139792,STX,41200000.0,184700000.0
Think Like a Man Too,2014,"['Comedy', 'Romance']",106.0,5.8,18533,SGem,65200000.0,5000000.0
Money Monster,2016,"['Crime', 'Drama', 'Thriller']",98.0,6.5,86607,TriS,41000000.0,52300000.0
A Haunted House,2013,"['Comedy', 'Fantasy']",86.0,5.1,40308,ORF,40000000.0,20100000.0
I Give It a Year,2013,"['Comedy', 'Romance']",97.0,5.7,34091,Magn.,34700.0,28200000.0
Miss You Already,2015,"['Comedy', 'Drama', 'Romance']",112.0,6.8,15583,RAtt.,1200000.0,0.0
Big Hero 6,2014,"['Action', 'Adventure', 'Animation']",102.0,7.8,371204,BV,222500000.0,435300000.0
The Cut,2014,"['Adventure', 'Drama', 'History']",138.0,6.3,4769,Strand,28100.0,0.0
Wildlife,2012,['Drama'],115.0,6.8,12,IFC,1100000.0,2000000.0
Ghanchakkar,2013,"['Comedy', 'Crime', 'Thriller']",137.0,5.7,4374,UTV,203000.0,0.0
When the Game Stands Tall,2014,"['Drama', 'Family', 'Sport']",115.0,6.7,14498,TriS,30100000.0,0.0
In Bloom,2013,"['Drama', 'Romance', 'Thriller']",87.0,5.8,857,BWP,56100.0,0.0
Spider-Man: Homecoming,2017,"['Action', 'Adventure', 'Sci-Fi']",133.0,7.5,426302,Sony,334200000.0,546000000.0
Beyond the Hills,2012,['Drama'],152.0,7.6,10611,IFC,125000.0,0.0
Fading Gigolo,2013,['Comedy'],90.0,6.2,22473,MNE,3800000.0,9600000.0
Caught in the Web,2012,['Drama'],117.0,6.5,858,Vita.,1100.0,0.0
Leap!,2016,"['Adventure', 'Animation', 'Comedy']",89.0,6.8,16582,Wein.,21900000.0,81400000.0
Black Sea,2014,"['Adventure', 'Drama', 'Thriller']",114.0,6.4,32021,Focus,1200000.0,0.0
A Five Star Life,2013,"['Drama', 'Romance']",85.0,6.3,2203,MBox,307000.0,2200000.0
Sunset Song,2015,['Drama'],135.0,6.4,2938,Magn.,160000.0,0.0
The Founder,2012,"['Comedy', 'Sci-Fi']",108.0,5.9,33,Wein.,12800000.0,11300000.0
More Than Honey,2012,['Documentary'],95.0,7.6,3740,KL,79800.0,0.0
Ride Along,2012,['Action'],87.0,4.4,14,Uni.,134900000.0,19500000.0
Dragon Ball Z: Battle of Gods,2013,"['Action', 'Adventure', 'Animation']",85.0,7.2,24180,SV,2600000.0,47800000.0
The Raid 2,2014,"['Action', 'Crime', 'Thriller']",150.0,8.0,104517,SPC,2600000.0,0.0
Vulgaria,2012,['Comedy'],93.0,6.3,1263,CL,59100.0,0.0
Kung Fu Panda 3,2016,"['Action', 'Adventure', 'Animation']",95.0,7.1,116166,Fox,143500000.0,377600000.0
Gone Girl,2014,"['Drama', 'Mystery', 'Thriller']",149.0,8.1,761592,Fox,167800000.0,201600000.0
Magic Mike XXL,2015,"['Comedy', 'Drama', 'Music']",115.0,5.6,48497,WB,66000000.0,56500000.0
Museum Hours,2012,['Drama'],107.0,6.9,1800,CGld,561000.0,0.0
True Story,2015,"['Crime', 'Drama', 'Mystery']",99.0,6.3,52063,FoxS,4700000.0,0.0
Satyagraha,2013,['Drama'],152.0,6.0,4559,UTV,739000.0,0.0
Friend Request,2013,['Thriller'],91.0,4.0,116,ENTMP,3800000.0,0.0
Finding Dory,2016,"['Adventure', 'Animation', 'Comedy']",97.0,7.3,213542,BV,486300000.0,542300000.0
The Grand Budapest Hotel,2014,"['Adventure', 'Comedy', 'Crime']",99.0,8.1,633604,FoxS,59300000.0,115500000.0
Blue Is the Warmest Color,2013,"['Drama', 'Romance']",180.0,7.8,124409,IFC,2200000.0,5200000.0
Love the Coopers,2015,"['Comedy', 'Fantasy', 'Romance']",107.0,5.8,18018,LGF,26300000.0,16100000.0
The SpongeBob Movie: Sponge Out of Water,2015,"['Adventure', 'Animation', 'Comedy']",92.0,6.0,43560,Par.,163000000.0,162200000.0
Muppets Most Wanted,2014,"['Adventure', 'Comedy', 'Crime']",107.0,6.4,29018,BV,51200000.0,29200000.0
Jumanji: Welcome to the Jungle,2017,"['Action', 'Adventure', 'Comedy']",119.0,7.0,242735,Sony,404500000.0,557600000.0
On My Way,2013,"['Comedy', 'Drama']",116.0,6.4,2009,Cohen,317000.0,0.0
The Devil's Hand,2014,"['Horror', 'Thriller']",86.0,5.0,3339,RAtt.,5700.0,0.0
Chakravyuh,2012,"['Action', 'Drama', 'Thriller']",152.0,6.9,2838,Eros,152000.0,0.0
The Canyons,2013,"['Drama', 'Thriller']",99.0,3.8,9838,IFC,56800.0,0.0
Minions,2015,"['Adventure', 'Animation', 'Comedy']",91.0,6.4,193917,Uni.,336000000.0,823400000.0
22 Jump Street,2014,"['Action', 'Comedy', 'Crime']",112.0,7.0,319504,Sony,191700000.0,139600000.0
Frozen,2013,"['Adventure', 'Animation', 'Comedy']",102.0,7.5,516998,BV,400700000.0,875700000.0
Becoming Traviata,2012,"['Documentary', 'Musical']",120.0,7.0,98,Distrib.,62700.0,0.0
Waste Land,2014,"['Drama', 'Thriller']",97.0,5.5,257,Arth.,188000.0,88700.0
Falcon Rising,2014,"['Action', 'Adventure']",103.0,5.8,6955,Free,11800.0,0.0
Tai Chi Hero,2012,"['Action', 'Adventure']",100.0,6.2,3110,WGUSA,35100.0,347000.0
Come What May,2015,"['Drama', 'War']",114.0,6.7,782,Cohen,37800.0,0.0
Sherlock Gnomes,2018,"['Adventure', 'Animation', 'Comedy']",86.0,5.1,8030,Par.,43200000.0,47100000.0
Love Is in the Air,2013,"['Comedy', 'Romance']",96.0,6.3,4229,FCW,8400.0,0.0
Pieta,2012,"['Crime', 'Drama']",104.0,7.2,11521,Drft.,22100.0,3600000.0
Shootout at Wadala,2013,"['Action', 'Crime']",155.0,5.9,5610,Eros,370000.0,0.0
The Dance of Reality,2013,"['Biography', 'Drama', 'Fantasy']",133.0,7.5,6682,Abk.,294000.0,0.0
Olympus Has Fallen,2013,"['Action', 'Thriller']",119.0,6.5,235443,FD,98900000.0,71300000.0
The Selfish Giant,2013,['Drama'],91.0,7.3,10682,IFC,12200.0,0.0
Mandela: Long Walk to Freedom,2013,"['Biography', 'Drama', 'History']",141.0,7.1,25027,Wein.,8300000.0,19000000.0
The Green Prince,2014,"['Biography', 'Documentary']",101.0,7.2,2482,MBox,258000.0,0.0
The 5th Wave,2016,"['Action', 'Adventure', 'Drama']",112.0,5.2,90788,Sony,34900000.0,75000000.0
Sound City,2013,"['Documentary', 'Music']",107.0,7.8,11439,Vari.,423000.0,0.0
We Are What We Are,2013,"['Drama', 'Horror', 'Thriller']",105.0,5.9,18381,EOne,81400.0,0.0
Double Trouble,2012,"['Action', 'Comedy']",87.0,3.6,201,CL,44800.0,0.0
The Gallows,2015,"['Horror', 'Mystery', 'Thriller']",81.0,4.2,17763,WB (NL),22800000.0,20200000.0
Singham Returns,2014,"['Action', 'Drama']",142.0,5.7,6554,Eros,1200000.0,0.0
The Hobbit: The Battle of the Five Armies,2014,"['Adventure', 'Fantasy']",144.0,7.4,438621,WB (NL),255100000.0,700900000.0
Homefront,2013,"['Action', 'Thriller']",100.0,6.5,98549,ORF,20200000.0,22900000.0
A Werewolf Boy,2012,"['Fantasy', 'Romance']",122.0,7.4,5657,CJ,343000.0,41300000.0
Una,2016,"['Drama', 'Romance']",94.0,6.2,7921,EF,22800.0,0.0
Alien: Covenant,2017,"['Horror', 'Sci-Fi', 'Thriller']",122.0,6.4,226920,Fox,74300000.0,166600000.0
Enemy,2013,"['Mystery', 'Thriller']",91.0,6.9,143250,A24,1000000.0,2400000.0
Vicky Donor,2012,"['Comedy', 'Romance']",126.0,7.8,35465,Eros,549000.0,0.0
The Grand Seduction,2013,['Comedy'],113.0,7.0,14435,EOne,3400000.0,0.0
ABCD (Any Body Can Dance),2013,"['Drama', 'Music']",160.0,6.4,5695,UTV,222000.0,0.0
My Life as a Zucchini,2016,"['Animation', 'Comedy', 'Drama']",66.0,7.8,17082,GK,310000.0,0.0
The Babadook,2014,"['Drama', 'Horror']",94.0,6.8,171411,IFC,964000.0,9300000.0
Truth or Dare,2012,"['Comedy', 'Romance']",100.0,5.0,10,Uni.,41400000.0,53900000.0
Fifty Shades of Grey,2015,"['Drama', 'Romance', 'Thriller']",125.0,4.1,279126,Uni.,166200000.0,404800000.0
Mojave,2015,"['Drama', 'Thriller']",93.0,5.2,3726,A24,8300.0,0.0
Strangerland,2015,"['Drama', 'Mystery', 'Thriller']",112.0,5.2,7999,Alc,17500.0,0.0
A Girl Walks Home Alone at Night,2014,"['Drama', 'Horror']",101.0,7.0,26631,KL,492000.0,0.0
The Captive,2014,"['Crime', 'Drama', 'Mystery']",112.0,5.9,27017,A24,1100000.0,0.0
Mary Queen of Scots,2018,"['Biography', 'Drama', 'History']",124.0,6.3,23866,Focus,16500000.0,29900000.0
The Thieves,2012,"['Action', 'Comedy', 'Crime']",135.0,6.8,8044,WGUSA,686000.0,82800000.0
Walk with Me,2017,['Documentary'],94.0,6.2,708,Gathr,727000.0,0.0
7 Boxes,2012,"['Adventure', 'Crime', 'Drama']",105.0,7.2,4727,BGP,38100.0,267000.0
The Expendables 3,2014,"['Action', 'Adventure', 'Thriller']",126.0,6.1,156432,LGF,39300000.0,175300000.0
The Zero Theorem,2013,"['Comedy', 'Drama', 'Fantasy']",107.0,6.1,42082,Ampl.,258000.0,513000.0
Fruitvale Station,2013,"['Biography', 'Drama', 'Romance']",85.0,7.5,68187,Wein.,16100000.0,1300000.0
Madame Bovary,2014,['Drama'],118.0,5.7,6900,Alc,44200.0,0.0
Snatched,2017,"['Action', 'Adventure', 'Comedy']",90.0,4.5,29997,Fox,45900000.0,15000000.0
Blue Jasmine,2013,['Drama'],98.0,7.3,179453,SPC,33400000.0,64099999.0
White House Down,2013,"['Action', 'Drama', 'Thriller']",131.0,6.4,191791,Sony,73100000.0,132300000.0
Tumbledown,2015,"['Comedy', 'Music', 'Romance']",105.0,6.2,5906,SM,135000.0,0.0
Gold,2013,"['Adventure', 'Drama', 'Western']",101.0,6.2,986,Wein.,7200000.0,7700000.0
Kochadaiiyaan,2014,"['Action', 'Animation']",124.0,6.5,4527,Eros,817000.0,0.0
The Woman in Black 2: Angel of Death,2014,"['Drama', 'Horror', 'Thriller']",98.0,4.9,24592,Rela.,26500000.0,22400000.0
Third Person,2013,"['Drama', 'Romance']",137.0,6.4,24937,SPC,1000000.0,0.0
Himmatwala,2013,"['Action', 'Comedy', 'Drama']",150.0,1.7,7384,UTV,271000.0,0.0
The Rover,2014,"['Action', 'Crime', 'Drama']",103.0,6.4,40576,A24,1100000.0,2100000.0
Frances Ha,2012,"['Comedy', 'Drama', 'Romance']",86.0,7.4,60026,IFC,4099999.0,0.0
Mississippi Grind,2015,"['Comedy', 'Drama']",108.0,6.4,17206,A24,131000.0,0.0
The Daughter,2013,"['Action', 'Drama', 'Thriller']",86.0,4.8,169,KL,26400.0,0.0
The Lunchbox,2013,"['Drama', 'Romance']",104.0,7.8,42618,SPC,4200000.0,0.0
"1,000 Times Good Night",2013,"['Drama', 'War']",117.0,7.1,6848,FM,53900.0,0.0
Teri Meri Kahaani,2012,"['Comedy', 'Drama', 'Romance']",117.0,4.8,3625,Eros,781000.0,0.0
Bhaag Milkha Bhaag,2013,"['Biography', 'Drama', 'Sport']",186.0,8.2,54802,Relbig.,1600000.0,0.0
Jobs,2013,"['Biography', 'Drama']",128.0,5.9,88788,ORF,16100000.0,19800000.0
Rio 2,2014,"['Adventure', 'Animation', 'Comedy']",101.0,6.3,72209,Fox,131500000.0,368600000.0
The Berlin File,2013,"['Action', 'Thriller']",120.0,6.6,5930,CJ,665000.0,48300000.0
The Great Beauty,2013,['Drama'],141.0,7.8,72297,Jan.,2900000.0,18500000.0
Unfinished Business,2015,"['Comedy', 'Drama']",91.0,5.4,29004,Fox,10200000.0,4200000.0
Live by Night,2016,"['Action', 'Crime', 'Drama']",129.0,6.4,47243,WB,10400000.0,12300000.0
The Intern,2015,"['Comedy', 'Drama']",121.0,7.1,191494,WB,75800000.0,118800000.0
Ragnarok,2013,"['Action', 'Adventure']",100.0,5.9,6974,Magn.,1400.0,3700000.0
Robin Hood,2013,"['Action', 'Drama']",92.0,6.3,78,Uni.,105300000.0,216400000.0
The Pyramid,2013,['Horror'],90.0,3.9,102,Fox,2800000.0,14100000.0
Runner Runner,2013,"['Crime', 'Thriller']",88.0,5.6,58235,Fox,19300000.0,43400000.0
The Disappointments Room,2016,"['Drama', 'Horror', 'Thriller']",85.0,3.9,8167,Rela.,2400000.0,0.0
We Are the Best!,2013,"['Drama', 'Music']",102.0,7.2,9290,Magn.,181000.0,0.0
Stories We Tell,2012,['Documentary'],108.0,7.6,11232,RAtt.,1600000.0,0.0
Mugamoodi,2012,"['Action', 'Adventure']",150.0,5.0,835,UTV,101000.0,0.0
A Private War,2018,"['Biography', 'Drama', 'War']",110.0,6.7,9882,Aviron,1600000.0,2200000.0
Bird People,2014,"['Drama', 'Fantasy', 'Romance']",127.0,6.1,2742,IFC,32100.0,0.0
Horses of God,2012,['Drama'],115.0,7.1,1487,KL,14800.0,0.0
Lolo,2012,['Documentary'],60.0,7.9,22,FR,24100.0,0.0
Need for Speed,2014,"['Action', 'Crime', 'Thriller']",132.0,6.5,154909,BV,43600000.0,159700000.0
R... Rajkumar,2013,['Action'],146.0,5.2,4769,Eros,167000.0,0.0
Pioneer,2013,['Thriller'],111.0,6.0,4448,Magn.,6900.0,0.0
Short Term 12,2013,['Drama'],96.0,8.0,73063,Cdgm.,1000000.0,0.0
Painted Skin: The Resurrection,2012,"['Fantasy', 'Mystery', 'Romance']",131.0,6.3,2898,WGUSA,50400.0,0.0
Paradise: Faith,2012,['Drama'],115.0,6.8,3815,Strand,6500.0,0.0
Paradise: Hope,2013,['Drama'],92.0,6.7,3795,Strand,6700.0,0.0
Kick,2014,"['Action', 'Comedy', 'Crime']",146.0,5.4,21775,UTV,2500000.0,0.0
2 States,2014,"['Comedy', 'Drama', 'Romance']",149.0,6.9,21715,UTV,2200000.0,0.0
Deliver Us from Evil,2014,"['Horror', 'Mystery', 'Thriller']",118.0,6.2,63793,SGem,30600000.0,57400000.0
Instructions Not Included,2013,"['Comedy', 'Drama']",115.0,7.6,26866,LGF,44500000.0,54600000.0
The Glass Castle,2017,"['Biography', 'Drama']",127.0,7.2,23580,LGF,17300000.0,4600000.0
Bright Days Ahead,2013,"['Drama', 'Romance']",94.0,6.3,1449,Trib.,21800.0,1400000.0
Spectre,2015,"['Action', 'Adventure', 'Thriller']",148.0,6.8,352504,Sony,200100000.0,680600000.0
Coco,2017,"['Adventure', 'Animation', 'Comedy']",105.0,8.4,277194,BV,209700000.0,597400000.0
Words and Pictures,2013,"['Comedy', 'Drama', 'Romance']",111.0,6.6,9280,RAtt.,2200000.0,1200000.0
Brooklyn,2015,"['Drama', 'Romance']",117.0,7.5,117021,FoxS,38300000.0,23800000.0
Mission: Impossible - Rogue Nation,2015,"['Action', 'Adventure', 'Thriller']",131.0,7.4,311704,Par.,195000000.0,487700000.0
Fed Up,2014,['Documentary'],92.0,7.7,10660,RTWC,1500000.0,0.0
The Huntsman: Winter's War,2016,"['Action', 'Adventure', 'Drama']",114.0,6.1,87714,Uni.,48400000.0,116600000.0
Jerusalem,2013,['Documentary'],44.0,7.3,1056,NGE,8000000.0,1300000.0
Dark Skies,2013,"['Horror', 'Sci-Fi', 'Thriller']",97.0,6.3,65754,W/Dim.,17400000.0,9000000.0
Keeping Up with the Joneses,2016,"['Action', 'Comedy']",105.0,5.9,51630,Fox,14900000.0,15000000.0
Delivery Man,2013,"['Comedy', 'Drama']",105.0,6.4,70706,BV,30700000.0,19300000.0
The Girl on the Train,2013,['Thriller'],80.0,4.4,819,Strand,208000.0,97100.0
Souvenir,2016,"['Drama', 'Music', 'Romance']",90.0,6.0,823,Strand,11400.0,0.0
Flipped,2015,"['Drama', 'Thriller']",90.0,6.0,440,WB,1800000.0,0.0
Ain't Them Bodies Saints,2013,"['Crime', 'Drama', 'Romance']",96.0,6.4,19464,IFC,397000.0,635000.0
Oculus,2013,"['Horror', 'Mystery']",104.0,6.5,106906,Rela.,27700000.0,16300000.0
Souvenir,2014,"['Comedy', 'Romance']",86.0,5.9,9,Strand,11400.0,0.0
Cuban Fury,2014,"['Comedy', 'Romance', 'Sport']",98.0,6.2,16972,EOne,92400.0,0.0
Enough Said,2013,"['Comedy', 'Drama', 'Romance']",93.0,7.0,55698,FoxS,17600000.0,7700000.0
Le Week-End,2013,"['Comedy', 'Drama', 'Romance']",93.0,6.3,7266,MBox,2200000.0,0.0
A Quiet Passion,2016,"['Biography', 'Drama']",125.0,6.5,4582,MBox,1900000.0,0.0
Howl,2015,"['Action', 'Fantasy', 'Horror']",89.0,5.3,9732,Osci.,617000.0,566000.0
Kill Me Three Times,2014,"['Action', 'Comedy', 'Crime']",90.0,5.9,18238,Magn.,24300.0,0.0
"Life, Above All",2012,"['Biography', 'Drama']",93.0,5.6,248,SPC,134000.0,0.0
Avengers: Age of Ultron,2015,"['Action', 'Adventure', 'Sci-Fi']",141.0,7.3,665594,BV,459000000.0,946400000.0
20 Feet from Stardom,2013,"['Documentary', 'Music']",91.0,7.4,11312,RTWC,4900000.0,0.0
Predestination,2014,"['Drama', 'Mystery', 'Sci-Fi']",97.0,7.5,225349,VE,68400.0,0.0
The Homesman,2014,"['Drama', 'Western']",122.0,6.6,27724,Saban,2400000.0,0.0
Smurfs: The Lost Village,2017,"['Adventure', 'Animation', 'Comedy']",90.0,6.0,15612,Sony,45000000.0,152200000.0
Goodbye to Language,2014,"['Drama', 'Fantasy']",70.0,5.9,4908,KL,390000.0,0.0
The Invitation,2015,"['Drama', 'Horror', 'Mystery']",100.0,6.7,70213,Drft.,232000.0,0.0
Anomalisa,2015,"['Animation', 'Comedy', 'Drama']",90.0,7.3,58010,Par.,3800000.0,1900000.0
Jimi: All Is by My Side,2013,"['Biography', 'Drama', 'Music']",118.0,5.7,5726,XL,341000.0,0.0
Dark Places,2015,"['Action', 'Drama', 'Mystery']",113.0,6.2,38160,A24,209000.0,0.0
Dom Hemingway,2013,"['Comedy', 'Crime', 'Drama']",93.0,6.2,24557,FoxS,524000.0,0.0
Kick,2015,"['Drama', 'Horror', 'Thriller']",76.0,3.2,218,UTV,2500000.0,0.0
The November Man,2014,"['Action', 'Crime', 'Thriller']",108.0,6.3,59293,Rela.,25000000.0,7500000.0
Unknown,2012,['Drama'],96.0,6.9,14,WB,63700000.0,67099999.0
Carol,2015,"['Drama', 'Romance']",118.0,7.2,100680,Wein.,12700000.0,27600000.0
The Green Inferno,2013,"['Adventure', 'Horror']",100.0,5.3,33239,BH Tilt,7200000.0,0.0
Desert Dancer,2014,"['Biography', 'Drama', 'Music']",104.0,6.2,1653,Rela.,155000.0,0.0
Belle,2013,"['Biography', 'Drama', 'Romance']",100.0,7.4,25780,FoxS,10700000.0,0.0
Gods of Egypt,2016,"['Action', 'Adventure', 'Fantasy']",127.0,5.4,95111,LG/S,31200000.0,119500000.0
Woman in Gold,2015,"['Biography', 'Drama', 'History']",109.0,7.3,48501,Wein.,33299999.0,28300000.0
The Past,2013,"['Drama', 'Mystery']",130.0,7.8,41191,SPC,1300000.0,9300000.0
The Heat,2013,"['Action', 'Comedy', 'Crime']",117.0,6.6,153501,Fox,159600000.0,70300000.0
The Happy Prince,2018,"['Biography', 'Drama']",105.0,6.3,3220,SPC,466000.0,0.0
Venus in Fur,2013,['Drama'],96.0,7.2,15872,IFC,374000.0,8000000.0
Walking the Camino: Six Ways to Santiago,2013,"['Adventure', 'Documentary']",84.0,7.3,269,FEF,613000.0,0.0
Atomic Blonde,2017,"['Action', 'Mystery', 'Thriller']",115.0,6.7,150407,Focus,51700000.0,48300000.0
Ek Thi Daayan,2013,"['Horror', 'Romance', 'Thriller']",135.0,5.7,3555,Eros,112000.0,0.0
Husbands in Goa,2012,['Comedy'],140.0,3.6,204,UTV,10100.0,0.0
Adrift,2012,['Drama'],65.0,6.0,6,STX,31400000.0,28500000.0
The House,2011,['Animation'],72.0,7.3,58,WB (NL),25600000.0,8600000.0
Killers,2014,"['Action', 'Crime', 'Drama']",137.0,6.5,4472,LGF,47100000.0,51100000.0
Open Windows,2014,"['Crime', 'Horror', 'Thriller']",100.0,5.2,12764,Cdgm.,1800.0,0.0
The Campaign,2013,['Documentary'],60.0,6.9,14,WB,86900000.0,18000000.0
An Eye for Beauty,2014,['Drama'],102.0,5.5,1105,MR,9000.0,0.0
The Amazing Catfish,2013,"['Comedy', 'Drama']",89.0,7.0,1546,Strand,11300.0,0.0
The Wolfpack,2015,"['Biography', 'Documentary']",90.0,7.0,11069,Magn.,1300000.0,0.0
The Daughter,2012,['Drama'],110.0,7.4,357,KL,26400.0,0.0
Red Obsession,2013,"['Documentary', 'History', 'News']",75.0,6.7,1167,A23,13200.0,0.0
Gabbar is Back,2015,['Action'],128.0,7.2,21092,Eros,535000.0,0.0
Philomena,2013,"['Biography', 'Comedy', 'Drama']",98.0,7.6,88704,Wein.,37700000.0,62400000.0
Project Almanac,2015,"['Drama', 'Mystery', 'Sci-Fi']",106.0,6.4,71500,Par.,22300000.0,10900000.0
Go Goa Gone,2013,"['Action', 'Adventure', 'Comedy']",108.0,6.6,10397,Eros,298000.0,0.0
Singh Saab the Great,2013,"['Action', 'Drama']",134.0,5.8,2008,Eros,226000.0,0.0
Bluebeard,2012,['Horror'],98.0,6.1,19,Strand,33500.0,5200.0
Bluebeard,2012,['Horror'],98.0,6.1,19,WGUSA,43100.0,0.0
Taken 3,2014,"['Action', 'Thriller']",108.0,6.0,165072,Fox,89300000.0,237200000.0
Joy,2015,['Drama'],124.0,6.6,118086,Fox,56500000.0,44700000.0
Abduction,2011,"['Horror', 'Thriller']",84.0,5.2,10,LGF,28100000.0,54000000.0
V/H/S/2,2013,"['Horror', 'Thriller']",96.0,6.1,33319,Magn.,21800.0,0.0
The Peanuts Movie,2015,"['Adventure', 'Animation', 'Comedy']",88.0,7.1,39149,Fox,130199999.0,116100000.0
Clouds of Sils Maria,2014,['Drama'],124.0,6.7,24671,IFC,1900000.0,0.0
Bears,2014,['Documentary'],78.0,7.4,5948,BV,17800000.0,3500000.0
Lost in Thailand,2012,"['Adventure', 'Comedy', 'Drama']",105.0,6.3,2623,WAMCR,57400.0,197700000.0
Truth,2013,"['Drama', 'Romance', 'Thriller']",94.0,5.1,513,SPC,2500000.0,0.0
Walk of Shame,2014,['Comedy'],95.0,6.0,48134,FCW,59200.0,0.0
Hateship Loveship,2013,"['Drama', 'Romance']",104.0,6.2,6091,IFC,54000.0,0.0
The Escape,2013,"['Drama', 'Thriller']",107.0,7.3,247,IFC,14000.0,0.0
And So It Goes,2014,"['Comedy', 'Drama', 'Romance']",94.0,5.8,11597,CE,15200000.0,10200000.0
Human Capital,2013,['Drama'],111.0,7.3,10468,FM,159000.0,0.0
Paranormal Activity: The Ghost Dimension,2015,"['Horror', 'Mystery', 'Thriller']",88.0,4.6,22361,Par.,18300000.0,60600000.0
Get on Up,2014,"['Biography', 'Drama', 'Music']",139.0,6.9,19024,Uni.,30700000.0,2700000.0
Paranormal Activity: The Marked Ones,2014,"['Horror', 'Mystery', 'Thriller']",84.0,5.0,37147,Par.,32500000.0,58400000.0
Mr. Turner,2014,"['Biography', 'Drama', 'History']",150.0,6.8,22661,SPC,4000000.0,18200000.0
The Hallow,2015,['Horror'],97.0,5.7,13848,IFC,13900.0,0.0
Elena,2012,"['Biography', 'Documentary', 'Drama']",80.0,7.7,1235,Zeit.,233000.0,0.0
Grand Masti,2013,"['Comedy', 'Drama', 'Romance']",137.0,4.4,5338,Eros,414000.0,0.0
Moscow Never Sleeps,2017,['Drama'],100.0,5.6,224,CAVU,25300.0,0.0
Palo Alto,2013,['Drama'],100.0,6.2,25402,Trib.,768000.0,0.0
5 to 7,2014,"['Comedy', 'Drama', 'Romance']",95.0,7.1,16605,IFC,163000.0,0.0
The Square,2013,"['Documentary', 'Drama', 'History']",108.0,8.1,7998,Magn.,1500000.0,0.0
The Keeping Room,2014,"['Drama', 'Western']",95.0,6.0,5690,Drft.,27200.0,0.0
May in the Summer,2013,"['Comedy', 'Drama']",99.0,5.6,655,Cohen,22000.0,112000.0
Ip Man: The Final Fight,2013,"['Action', 'Biography', 'Drama']",100.0,6.2,9630,WGUSA,37900.0,0.0
Loving,2012,"['Drama', 'Romance']",105.0,7.1,257,Focus,7800000.0,5200000.0
Nerve,2013,"['Drama', 'Mystery', 'Thriller']",86.0,4.6,118,LGF,38600000.0,46700000.0
Burnt,2015,"['Comedy', 'Drama']",101.0,6.6,95988,Wein.,13700000.0,23000000.0
Hotel Transylvania 2,2015,"['Animation', 'Comedy', 'Family']",89.0,6.7,92905,Sony,169700000.0,305100000.0
Billy Lynn's Long Halftime Walk,2016,"['Action', 'Drama', 'Thriller']",113.0,6.3,19069,TriS,1700000.0,29200000.0
Jauja,2014,"['Drama', 'Western']",109.0,6.4,3468,CGld,60200.0,0.0
Mud,2012,['Drama'],105.0,6.5,41,RAtt.,21600000.0,11000000.0
Escobar: Paradise Lost,2014,"['Crime', 'Drama', 'History']",120.0,6.5,19419,RTWC,196000.0,3600000.0
The Gunman,2015,"['Action', 'Crime', 'Drama']",115.0,5.8,36053,ORF,10700000.0,13500000.0
One Direction: This Is Us,2013,"['Documentary', 'Music']",92.0,4.2,22977,TriS,28900000.0,39700000.0
The Stroller Strategy,2012,['Comedy'],90.0,5.5,776,Rialto,3500.0,0.0
Wetlands,2013,"['Comedy', 'Drama']",109.0,5.8,10321,Strand,59500.0,10500000.0
Star Wars: The Last Jedi,2017,"['Action', 'Adventure', 'Fantasy']",152.0,7.1,462903,BV,620200000.0,712400000.0
God's Not Dead,2014,['Drama'],113.0,4.8,38051,Free,60800000.0,3900000.0
The Beatles: Eight Days a Week - The Touring Years,2016,"['Documentary', 'Music']",106.0,7.8,9666,Abr.,2900000.0,9400000.0
Blockers,2018,['Comedy'],102.0,6.2,57142,Uni.,60300000.0,33700000.0
The Fencer,2015,"['Biography', 'Drama', 'History']",99.0,7.2,4063,CFI,96000.0,0.0
Youth,2012,"['Drama', 'Family']",75.0,6.6,36,FoxS,2700000.0,0.0
I Spit on Your Grave 2,2013,"['Horror', 'Thriller']",106.0,5.7,24100,Anch.,800.0,0.0
Arrival,2016,"['Drama', 'Mystery', 'Sci-Fi']",116.0,7.9,515483,Par.,100500000.0,102800000.0
Wonder,2017,"['Drama', 'Family']",113.0,8.0,111632,LGF,132400000.0,173500000.0
The Light Between Oceans,2016,"['Drama', 'Romance']",133.0,7.2,46247,BV,12500000.0,13400000.0
Crimson Peak,2015,"['Drama', 'Fantasy', 'Horror']",119.0,6.5,119287,Uni.,31100000.0,43600000.0
The Second Best Exotic Marigold Hotel,2015,"['Comedy', 'Drama']",122.0,6.6,28931,FoxS,33100000.0,52900000.0
Against the Sun,2014,"['Adventure', 'Biography', 'Drama']",100.0,6.5,4793,TAFC,4600.0,0.0
A Million Ways to Die in the West,2014,"['Comedy', 'Western']",116.0,6.1,160534,Uni.,43100000.0,44100000.0
Homefront,2013,['Drama'],111.0,7.7,17,ORF,20200000.0,22900000.0
Lilting,2014,"['Drama', 'Romance']",83.0,7.2,5352,Strand,27100.0,0.0
Get Hard,2015,"['Comedy', 'Crime']",100.0,6.0,111187,WB,90400000.0,21400000.0
Alice Through the Looking Glass,2016,"['Adventure', 'Family', 'Fantasy']",113.0,6.2,79951,BV,77000000.0,222400000.0
Starred Up,2013,"['Crime', 'Drama']",106.0,7.4,39319,Trib.,54900.0,0.0
The Duke of Burgundy,2014,"['Drama', 'Mystery', 'Romance']",104.0,6.6,10301,IFC,64500.0,0.0
Besharam,2013,"['Action', 'Comedy', 'Romance']",143.0,3.6,4925,Relbig.,680000.0,0.0
The Tale of The Princess Kaguya,2013,"['Adventure', 'Animation', 'Drama']",137.0,8.0,29108,GK,703000.0,23500000.0
Life After Beth,2014,"['Comedy', 'Fantasy', 'Horror']",89.0,5.6,17995,A24,88300.0,0.0
Me and Earl and the Dying Girl,2015,"['Comedy', 'Drama', 'Romance']",105.0,7.8,112627,FoxS,6800000.0,2300000.0
Shut In,2016,"['Drama', 'Mystery', 'Thriller']",91.0,4.7,11030,EC,6900000.0,6200000.0
Hell or High Water,2016,"['Action', 'Crime', 'Drama']",102.0,7.6,176469,LGF,27000000.0,10900000.0
Whiplash,2014,"['Drama', 'Music']",106.0,8.5,616916,SPC,13100000.0,35900000.0
The Fault in Our Stars,2014,"['Drama', 'Romance']",126.0,7.7,315135,Fox,124900000.0,182300000.0
The Strange Little Cat,2013,"['Comedy', 'Drama']",72.0,6.6,807,KS,5900.0,0.0
The Ardennes,2015,['Drama'],96.0,6.8,4175,FM,5600.0,0.0
Resident Evil: The Final Chapter,2016,"['Action', 'Horror', 'Sci-Fi']",107.0,5.6,74979,SGem,26800000.0,285400000.0
Inside Out,2013,"['Biography', 'Documentary', 'History']",75.0,7.5,60,BV,356500000.0,501100000.0
The French Minister,2013,['Comedy'],113.0,6.4,2897,IFC,12000.0,5100000.0
Kevin Hart: Let Me Explain,2013,"['Comedy', 'Documentary']",75.0,6.8,7880,LG/S,32200000.0,74000.0
Difret,2014,"['Biography', 'Crime', 'Drama']",99.0,6.8,1117,TA,49700.0,0.0
Sisters,2013,['Drama'],84.0,5.7,37,Uni.,87000000.0,18000000.0
Rio,2012,['Documentary'],90.0,8.3,14,Fox,143600000.0,341000000.0
'71,2014,"['Action', 'Drama', 'Thriller']",99.0,7.2,46103,RAtt.,1300000.0,355000.0
City of Gold,2015,"['Biography', 'Documentary']",96.0,7.1,836,IFC,641000.0,0.0
Blind,2014,['Drama'],96.0,6.9,6548,VE,12500.0,0.0
Boulevard,2014,['Drama'],88.0,5.8,7446,SM,126000.0,0.0
Noble,2014,"['Biography', 'Drama']",100.0,6.8,1389,Asp.,347000.0,0.0
Step Up All In,2014,"['Drama', 'Music', 'Romance']",112.0,6.0,30420,LG/S,14900000.0,71300000.0
Closed Curtain,2013,['Drama'],106.0,6.6,981,Vari.,28100.0,0.0
Baahubali: The Beginning,2015,"['Action', 'Drama']",159.0,8.1,93243,BSC,6700000.0,0.0
I'm Still Here,2013,"['Drama', 'Romance', 'Thriller']",120.0,7.0,1127,Magn.,409000.0,160000.0
Ted 2,2015,['Comedy'],115.0,6.3,165843,Uni.,81500000.0,135200000.0
Hot Tub Time Machine 2,2015,"['Comedy', 'Mystery', 'Sci-Fi']",93.0,5.1,34444,Par.,12300000.0,767000.0
A Little Chaos,2014,"['Drama', 'Romance']",112.0,6.5,18290,FCW,558000.0,9500000.0
Love Is Strange,2014,"['Drama', 'Romance']",94.0,6.7,11471,SPC,2300000.0,0.0
The Hunt,2012,"['Action', 'Horror', 'Thriller']",74.0,4.4,113,Magn.,613000.0,0.0
Midnight Special,2016,"['Action', 'Drama', 'Mystery']",112.0,6.6,67921,WB,3700000.0,2500000.0
In the Name of,2013,"['Drama', 'Thriller']",102.0,6.5,2394,FM,9900.0,0.0
The Good Lie,2014,"['Biography', 'Drama']",110.0,7.4,25232,WB,2700000.0,0.0
Just a Sigh,2013,"['Drama', 'Romance']",104.0,6.5,878,Distrib.,75500.0,1200000.0
Split,2016,"['Comedy', 'Romance', 'Sport']",90.0,2.9,557,Uni.,138300000.0,140200000.0
Star Trek Beyond,2016,"['Action', 'Adventure', 'Sci-Fi']",122.0,7.1,209844,Par.,158800000.0,184600000.0
Youth,2013,['Drama'],107.0,6.1,327,FoxS,2700000.0,0.0
I Wish,2012,['Fantasy'],81.0,8.2,12,Magn.,146000.0,1400000.0
Fences,2016,['Drama'],139.0,7.2,86749,Par.,57700000.0,6700000.0
Me Before You,2016,"['Drama', 'Romance']",106.0,7.4,174567,WB (NL),56200000.0,152100000.0
Churchill,2017,"['Biography', 'Drama', 'History']",105.0,6.3,12047,Cohen,1300000.0,0.0
Hitman: Agent 47,2015,"['Action', 'Adventure', 'Crime']",96.0,5.7,80510,Fox,22500000.0,59900000.0
Colette,2013,"['Biography', 'Drama', 'History']",126.0,6.1,415,BST,5100000.0,0.0
The D Train,2015,"['Comedy', 'Drama']",101.0,5.0,10066,IFC,673000.0,102000.0
Night at the Museum: Secret of the Tomb,2014,"['Adventure', 'Comedy', 'Family']",98.0,6.2,93103,Fox,113700000.0,249500000.0
Locke,2013,['Drama'],85.0,7.1,120703,A24,1400000.0,0.0
The Debt,2015,"['Drama', 'Mystery', 'Thriller']",99.0,6.1,624,Focus,31200000.0,14500000.0
The Boss,2016,['Comedy'],99.0,5.4,39096,Uni.,63300000.0,15600000.0
Game Night,2018,"['Action', 'Comedy', 'Crime']",100.0,7.0,163279,WB (NL),69200000.0,48500000.0
Saint Laurent,2014,"['Biography', 'Drama', 'Romance']",150.0,6.1,4829,SPC,429000.0,0.0
Yves Saint Laurent,2014,"['Biography', 'Drama']",106.0,6.2,10311,Wein.,724000.0,20300000.0
Life of a King,2013,['Drama'],100.0,6.9,5738,MNE,6500.0,0.0
The Secret Life of Pets,2016,"['Adventure', 'Animation', 'Comedy']",87.0,6.5,161997,Uni.,368400000.0,507100000.0
Diary of a Chambermaid,2015,['Drama'],96.0,5.5,2271,Cohen,54200.0,0.0
Meerkats,2011,['Documentary'],40.0,7.4,7,NGE,778000.0,482000.0
The Remaining,2014,"['Drama', 'Horror', 'Mystery']",88.0,4.3,6274,Triu,1200000.0,0.0
Finding Vivian Maier,2013,"['Biography', 'Documentary', 'Mystery']",83.0,7.7,12033,IFC,1500000.0,0.0
Blackhat,2015,"['Action', 'Crime', 'Thriller']",133.0,5.4,48427,Uni.,8000000.0,11600000.0
The Riot Club,2014,"['Drama', 'Thriller']",107.0,6.0,19706,IFC,7700.0,2100000.0
Ida,2013,['Drama'],82.0,7.4,46819,MBox,3800000.0,0.0
The Salvation,2014,"['Drama', 'Western']",92.0,6.7,32953,IFC,44900.0,0.0
The Longest Ride,2015,"['Drama', 'Romance']",123.0,7.1,70327,Fox,37400000.0,25500000.0
Tumbledown,2013,"['Drama', 'Mystery', 'Romance']",80.0,4.1,169,SM,135000.0,0.0
Oro,2013,['Documentary'],47.0,8.7,6,Sony,5500.0,0.0
"Two Days, One Night",2014,['Drama'],95.0,7.3,41288,IFC,1400000.0,5400000.0
The Christmas Candle,2013,"['Drama', 'Family']",100.0,6.2,1538,ELS,2300000.0,0.0
In Bloom,2013,['Drama'],102.0,7.7,6046,BWP,56100.0,0.0
Life of Riley,2014,"['Comedy', 'Drama', 'Romance']",108.0,6.0,1110,KL,11600.0,2300000.0
Rosewater,2014,"['Biography', 'Drama']",103.0,6.6,9836,ORF,3100000.0,0.0
Devil's Due,2014,"['Horror', 'Mystery', 'Thriller']",89.0,4.1,15502,Fox,15800000.0,21100000.0
Sinister 2,2015,"['Horror', 'Mystery', 'Thriller']",97.0,5.3,41782,Focus,27700000.0,25100000.0
The One I Love,2014,"['Drama', 'Fantasy', 'Mystery']",91.0,7.1,31033,RTWC,513000.0,0.0
Search Party,2014,"['Adventure', 'Comedy']",93.0,5.6,6087,FCW,4600.0,0.0
Main Tera Hero,2014,"['Action', 'Comedy', 'Romance']",128.0,5.3,6700,Eros,275000.0,0.0
Truth or Dare,2013,"['Horror', 'Thriller']",84.0,4.8,554,Uni.,41400000.0,53900000.0
So Young,2013,['Drama'],131.0,6.4,1806,CL,11200.0,0.0
Veronica Mars,2014,"['Crime', 'Drama', 'Mystery']",107.0,6.8,46751,WB,3300000.0,195000.0
Rigor Mortis,2013,"['Action', 'Horror']",103.0,6.3,5015,WGUSA,7900.0,0.0
Zombeavers,2014,"['Action', 'Adventure', 'Comedy']",77.0,4.8,14825,Free,14900.0,0.0
Top Five,2014,"['Comedy', 'Romance']",102.0,6.4,24744,Par.,25300000.0,800000.0
The Little Death,2014,"['Comedy', 'Drama', 'Romance']",96.0,7.1,23607,Magn.,18200.0,0.0
The Look of Love,2012,['Comedy'],46.0,8.5,17,IFC,21300.0,0.0
Gemma Bovery,2014,"['Comedy', 'Drama', 'Romance']",99.0,6.4,5146,MBox,192000.0,0.0
Welcome to Me,2014,"['Comedy', 'Drama']",87.0,5.9,17259,Alc,609000.0,0.0
Beloved Sisters,2014,"['Drama', 'History', 'Romance']",138.0,6.1,1284,MBox,54000.0,2200000.0
The Pyramid,2014,"['Action', 'Adventure', 'Horror']",89.0,4.6,21364,Fox,2800000.0,14100000.0
A Beautiful Planet,2016,['Documentary'],46.0,7.4,893,Imax,15500000.0,9400000.0
Kingsman: The Secret Service,2014,"['Action', 'Adventure', 'Comedy']",129.0,7.7,544510,Fox,128300000.0,286100000.0
Bastards,2014,"['Biography', 'Documentary', 'Family']",80.0,8.3,18,IFC,24500.0,0.0
Cemetery of Splendor,2015,"['Drama', 'Fantasy']",122.0,6.8,3615,Strand,52000.0,0.0
Furious 7,2015,"['Action', 'Crime', 'Thriller']",137.0,7.2,335074,Uni.,353000000.0,1163.0
Bastards,2013,"['Drama', 'Romance']",100.0,6.1,2890,IFC,24500.0,0.0
Rangeelay,2013,"['Action', 'Comedy', 'Drama']",129.0,5.0,159,Eros,148000.0,0.0
Rock Dog,2016,"['Adventure', 'Animation', 'Comedy']",90.0,5.9,3991,LG/S,9400000.0,0.0
Mike and Dave Need Wedding Dates,2016,"['Adventure', 'Comedy', 'Romance']",98.0,6.0,74849,Fox,46000000.0,31100000.0
Extraction,2013,['Action'],106.0,4.8,997,LGP,16800.0,0.0
Steak (R)evolution,2014,['Documentary'],135.0,6.9,456,KL,8000.0,0.0
Fists of Legend,2013,['Action'],154.0,6.9,966,CJ,134000.0,5300000.0
A Haunted House 2,2014,"['Comedy', 'Fantasy']",86.0,4.7,18085,ORF,17300000.0,6600000.0
Tomorrow,2015,['Drama'],115.0,9.1,15,UTMW,62500.0,0.0
The Old Man & the Gun,2018,"['Biography', 'Comedy', 'Crime']",93.0,6.8,25902,FoxS,11300000.0,0.0
The Gambler,2013,['Documentary'],52.0,7.6,14,Par.,33700000.0,5600000.0
White God,2014,"['Drama', 'Fantasy', 'Horror']",121.0,6.9,13755,Magn.,282000.0,0.0
Pitch Perfect 2,2015,"['Comedy', 'Music']",115.0,6.4,130692,Uni.,184300000.0,103200000.0
Omar,2013,"['Crime', 'Drama', 'Romance']",96.0,7.5,12072,AF,356000.0,0.0
The Missing Picture,2013,['Documentary'],92.0,7.4,2804,Strand,52200.0,0.0
Tag,2018,['Comedy'],100.0,6.5,85186,WB (NL),54700000.0,23400000.0
Ratchet & Clank,2016,"['Action', 'Adventure', 'Animation']",94.0,5.6,9033,Focus,8800000.0,0.0
Ride Along 2,2016,"['Action', 'Comedy', 'Crime']",102.0,5.9,48688,Uni.,91200000.0,33400000.0
Amy,2015,"['Biography', 'Documentary', 'Music']",128.0,7.8,43814,A24,8400000.0,0.0
Wish I Was Here,2014,"['Comedy', 'Drama']",106.0,6.7,34907,Focus,3600000.0,1900000.0
Magic in the Moonlight,2014,"['Comedy', 'Romance']",97.0,6.6,59054,SPC,10500000.0,40500000.0
"2 Autumns, 3 Winters",2013,['Comedy'],91.0,6.7,582,FM,5800.0,0.0
Mistress America,2015,"['Comedy', 'Drama']",84.0,6.7,22506,FoxS,2500000.0,0.0
The Shack,2017,"['Drama', 'Fantasy']",132.0,6.3,26065,LG/S,57400000.0,39600000.0
Nightcrawler,2014,"['Crime', 'Drama', 'Thriller']",117.0,7.9,404476,ORF,32400000.0,6300000.0
Lucy,2014,"['Action', 'Sci-Fi', 'Thriller']",89.0,6.4,403194,Uni.,126700000.0,336700000.0
Shaun the Sheep Movie,2015,"['Adventure', 'Animation', 'Comedy']",85.0,7.4,32935,LGF,19400000.0,86800000.0
Red Sparrow,2018,"['Action', 'Drama', 'Thriller']",140.0,6.6,136738,Fox,46900000.0,104700000.0
Win Win,2013,['Comedy'],97.0,6.0,29,FoxS,10200000.0,652000.0
The Wonders,2013,"['Comedy', 'Mystery']",112.0,6.2,286,Osci.,73400.0,0.0
Black or White,2014,['Drama'],121.0,6.6,10659,Rela.,21600000.0,0.0
Chef,2014,"['Adventure', 'Comedy', 'Drama']",114.0,7.3,173270,ORF,31400000.0,14500000.0
I Origins,2014,"['Drama', 'Romance', 'Sci-Fi']",106.0,7.4,104718,FoxS,336000.0,0.0
Ip Man 3,2015,"['Action', 'Biography', 'Drama']",105.0,7.1,38637,WGUSA,2700000.0,154200000.0
99 Homes,2014,['Drama'],112.0,7.1,26699,BG,1400000.0,0.0
Manglehorn,2014,['Drama'],97.0,5.6,6564,IFC,143000.0,0.0
Living Is Easy with Eyes Closed,2013,"['Comedy', 'Drama']",108.0,7.1,5369,Outs,11600.0,2600000.0
Harry & Snowman,2015,"['Biography', 'Documentary', 'Drama']",84.0,7.7,535,FR,561000.0,0.0
The Rooftop,2013,"['Action', 'Comedy', 'Drama']",120.0,5.9,907,WGUSA,85800.0,0.0
Ilo Ilo,2013,['Drama'],99.0,7.3,3785,FM,56800.0,1100000.0
Bang Bang,2014,"['Action', 'Adventure', 'Comedy']",153.0,5.5,19878,FIP,2500000.0,39500000.0
My Old Lady,2014,"['Comedy', 'Drama', 'Romance']",107.0,6.3,8016,Cohen,4000000.0,0.0
Wolf Totem,2015,"['Adventure', 'Drama']",121.0,6.7,5039,Sony,211000.0,125600000.0
Obvious Child,2014,"['Comedy', 'Drama', 'Romance']",84.0,6.8,21536,A24,3100000.0,0.0
A Wedding Invitation,2013,"['Drama', 'Romance']",101.0,6.1,404,CJ,14400.0,0.0
The Dressmaker,2015,"['Comedy', 'Drama']",119.0,7.1,46833,BG,2000000.0,0.0
John Wick,2014,"['Action', 'Crime', 'Thriller']",101.0,7.4,449942,LG/S,43000000.0,45700000.0
Beyond the Reach,2014,['Thriller'],91.0,5.6,8755,RAtt.,45900.0,0.0
Bethlehem,2013,"['Drama', 'Thriller', 'War']",99.0,7.1,1907,AF,202000.0,0.0
The Lazarus Effect,2015,"['Horror', 'Mystery', 'Sci-Fi']",83.0,5.2,37675,Rela.,25800000.0,12600000.0
"20,000 Days on Earth",2014,"['Documentary', 'Drama', 'Music']",97.0,7.5,10155,Drft.,280000.0,1800000.0
God's Pocket,2014,"['Crime', 'Drama']",88.0,6.1,10092,IFC,170000.0,0.0
The Other Side,2014,"['Drama', 'Horror', 'Thriller']",103.0,3.0,244,FM,8100.0,0.0
The Gambler,2013,"['Drama', 'Thriller']",109.0,7.2,1479,Par.,33700000.0,5600000.0
Father Figures,2013,['Documentary'],58.0,6.8,102,WB,17500000.0,8100000.0
The Call,2013,['Documentary'],25.0,7.9,12,TriS,51900000.0,16700000.0
In the Name of My Daughter,2014,"['Crime', 'Drama']",116.0,6.1,1407,Cohen,278000.0,0.0
47 Meters Down,2017,"['Adventure', 'Drama', 'Horror']",89.0,5.6,39060,ENTMP,44300000.0,0.0
Siddharth,2013,['Drama'],96.0,7.3,567,Zeit.,60500.0,0.0
5 Flights Up,2014,"['Comedy', 'Drama']",88.0,6.2,7911,FCW,1000000.0,0.0
Far from the Madding Crowd,2015,"['Drama', 'Romance']",119.0,7.1,41099,FoxS,12200000.0,18000000.0
The Connection,2014,"['Action', 'Crime', 'Thriller']",135.0,7.1,8941,Drft.,191000.0,0.0
Far from Men,2014,"['Drama', 'War', 'Western']",101.0,7.2,5851,Trib.,5300.0,0.0
Lost in Paris,2016,['Comedy'],83.0,6.3,2297,Osci.,692000.0,0.0
Everybody Wants Some!!,2016,['Comedy'],117.0,7.0,47632,Par.,3400000.0,0.0
A Most Violent Year,2014,"['Crime', 'Drama', 'Thriller']",125.0,7.0,60165,A24,5700000.0,6300000.0
The Transporter Refueled,2015,"['Action', 'Adventure', 'Crime']",96.0,5.2,36201,EC,16000000.0,56600000.0
Blood Ties,2013,"['Documentary', 'Drama', 'Family']",83.0,7.0,50,ALP,2800.0,0.0
Zootopia,2016,"['Adventure', 'Animation', 'Comedy']",108.0,8.0,383446,BV,341300000.0,682500000.0
The Trip to Italy,2014,"['Comedy', 'Drama']",108.0,6.6,13668,IFC,2900000.0,3000000.0
Hot Pursuit,2015,"['Action', 'Comedy', 'Crime']",87.0,5.1,44723,WB (NL),34600000.0,17100000.0
Alvin and the Chipmunks: The Road Chip,2015,"['Adventure', 'Animation', 'Comedy']",92.0,5.1,14507,Fox,85900000.0,148900000.0
The Purge: Anarchy,2014,"['Action', 'Horror', 'Sci-Fi']",103.0,6.5,126203,Uni.,72000000.0,40000000.0
Batman v Superman: Dawn of Justice,2016,"['Action', 'Adventure', 'Fantasy']",151.0,6.5,576909,WB,330400000.0,543300000.0
Term Life,2016,"['Crime', 'Drama', 'Thriller']",93.0,5.5,5941,FCW,21300.0,0.0
Dolphin Tale 2,2014,"['Drama', 'Family']",107.0,6.4,7579,WB,42000000.0,15800000.0
Bombay Velvet,2015,"['Action', 'Crime', 'Drama']",149.0,5.7,5029,FIP,451000.0,0.0
A Hologram for the King,2016,"['Comedy', 'Drama', 'Romance']",98.0,6.1,36062,RAtt.,4200000.0,0.0
The Theory of Everything,2014,"['Biography', 'Drama', 'Romance']",123.0,7.7,361534,Focus,35900000.0,87800000.0
The Girl in the Book,2015,['Drama'],86.0,6.2,3684,Free,8200.0,0.0
The Hundred-Foot Journey,2014,"['Comedy', 'Drama']",122.0,7.3,69562,BV,54200000.0,34600000.0
Planes: Fire & Rescue,2014,"['Adventure', 'Animation', 'Comedy']",83.0,6.0,15273,BV,59200000.0,92200000.0
Eastern Boys,2013,"['Crime', 'Drama', 'Romance']",128.0,6.9,2878,FRun,16800.0,0.0
Tangerines,2013,"['Drama', 'War']",87.0,8.2,33478,Gold.,145000.0,0.0
Young Detective Dee: Rise of the Sea Dragon,2013,"['Action', 'Adventure', 'Drama']",134.0,6.5,3944,WAMCR,87800.0,72200000.0
Personal Tailor,2013,"['Comedy', 'Drama']",118.0,5.2,1008,CL,376000.0,115800000.0
Guardian Angel,2014,"['Action', 'Drama']",86.0,7.7,43,RME,19500.0,0.0
Camp X-Ray,2014,"['Drama', 'War']",117.0,6.9,36700,IFC,13300.0,0.0
The Summer of Sangaile,2015,"['Drama', 'Romance']",90.0,6.3,2301,Strand,4500.0,0.0
Mary Kom,2014,"['Action', 'Biography', 'Drama']",122.0,6.8,9155,Eros,621000.0,0.0
Joker,2013,"['Action', 'Thriller']",94.0,5.5,12,UTV,169000.0,0.0
Amour Fou,2014,"['Comedy', 'Drama']",96.0,6.3,1230,FM,13700.0,0.0
Cantinflas,2014,"['Biography', 'Comedy', 'Drama']",102.0,6.6,3575,LGF,6400000.0,0.0
Instructions Not Included,2011,"['Comedy', 'Romance']",52.0,8.0,13,LGF,44500000.0,54600000.0
The Water Diviner,2014,"['Drama', 'History', 'War']",111.0,7.1,66595,WB,4200000.0,34000000.0
Amy,2013,['Horror'],94.0,1.9,247,A24,8400000.0,0.0
The Face Reader,2013,"['Drama', 'History']",140.0,6.9,1754,PM&E,516000.0,54100000.0
Shame,2013,['Drama'],90.0,6.4,38,FoxS,3900000.0,13800000.0
Wild Tales,2014,"['Comedy', 'Drama', 'Thriller']",122.0,8.1,151123,SPC,3100000.0,23900000.0
Mia Madre,2015,['Drama'],106.0,6.8,6207,MBox,303000.0,0.0
The Lego Ninjago Movie,2017,"['Action', 'Adventure', 'Animation']",101.0,6.0,18926,WB,59300000.0,63800000.0
Moms' Night Out,2014,['Comedy'],98.0,5.5,12402,TriS,10400000.0,0.0
Happy Ending,2014,"['Comedy', 'Romance']",135.0,5.4,3070,Eros,314000.0,0.0
Unbranded,2015,['Documentary'],106.0,7.3,1254,Grav.,410000.0,0.0
The Journey,2014,"['Adventure', 'Drama', 'Mystery']",112.0,7.9,42,IFC,155000.0,0.0
Alone in Berlin,2016,"['Drama', 'History', 'War']",103.0,6.5,6380,IFC,33100.0,0.0
Eden,2014,"['Drama', 'Thriller']",90.0,4.7,2576,BG,65500.0,0.0
Club Life,2015,['Drama'],87.0,4.7,465,Orch.,4400.0,0.0
Matangi/Maya/M.I.A.,2018,"['Biography', 'Documentary', 'Music']",96.0,7.5,1116,Abr.,231000.0,0.0
Tiny Times,2013,"['Drama', 'Romance']",116.0,3.0,2028,CL,23500.0,77700000.0
The Wonders,2014,['Drama'],110.0,6.6,3916,Osci.,73400.0,0.0
Mortdecai,2015,"['Action', 'Comedy', 'Crime']",107.0,5.5,61366,LGF,7700000.0,39600000.0
Memories of the Sword,2015,"['Action', 'Drama', 'History']",120.0,6.3,1530,WGUSA,111000.0,0.0
Elle,2013,"['Biography', 'Documentary']",57.0,6.8,8,SPC,2300000.0,0.0
Inferno,2016,"['Action', 'Adventure', 'Crime']",121.0,6.2,138978,Sony,34300000.0,185700000.0
Gett: The Trial of Viviane Amsalem,2014,['Drama'],115.0,7.7,5535,MBox,988000.0,0.0
Learning to Drive,2014,"['Comedy', 'Drama', 'Romance']",90.0,6.4,6740,BG,3400000.0,0.0
He Named Me Malala,2015,['Documentary'],88.0,6.9,4167,FoxS,2700000.0,97100.0
The Conjuring 2,2016,"['Drama', 'Horror', 'Mystery']",134.0,7.4,194543,WB (NL),102500000.0,217900000.0
The Forbidden Room,2015,"['Comedy', 'Mystery']",130.0,6.1,2676,KL,34400.0,0.0
Love & Friendship,2016,"['Comedy', 'Drama', 'Romance']",90.0,6.4,21157,RAtt.,14000000.0,0.0
Unstoppable,2013,['Documentary'],65.0,4.3,551,Fox,81600000.0,86200000.0
Hardcore Henry,2015,"['Action', 'Adventure', 'Sci-Fi']",96.0,6.7,78226,STX,9300000.0,7600000.0
Of Horses and Men,2013,"['Comedy', 'Drama', 'Romance']",81.0,6.8,2743,MBox,11900.0,0.0
Creed,2015,"['Drama', 'Sport']",133.0,7.6,224671,WB (NL),109800000.0,63800000.0
Appropriate Behavior,2014,"['Comedy', 'Drama', 'Romance']",86.0,6.6,3468,Grav.,46900.0,0.0
Suffragette,2015,"['Biography', 'Drama', 'History']",106.0,6.9,34306,Focus,4700000.0,11300000.0
Spy,2015,"['Action', 'Comedy', 'Crime']",119.0,7.0,213908,Fox,110800000.0,124800000.0
The Commune,2016,['Drama'],111.0,6.4,5577,Magn.,38700.0,0.0
Goodnight Mommy,2014,"['Horror', 'Mystery', 'Thriller']",99.0,6.7,35640,RTWC,1200000.0,0.0
Eden,2014,"['Biography', 'Drama', 'Music']",131.0,6.4,3772,BG,65500.0,0.0
Listen Up Philip,2014,"['Comedy', 'Drama']",108.0,6.3,5740,Trib.,200000.0,0.0
Monster Trucks,2016,"['Action', 'Adventure', 'Comedy']",104.0,5.7,13525,Par.,33400000.0,31100000.0
Tusk,2014,"['Comedy', 'Drama', 'Horror']",102.0,5.3,40827,A24,1800000.0,0.0
Crazy Rich Asians,2018,"['Comedy', 'Romance']",120.0,7.0,96617,WB,174500000.0,64000000.0
The Hunt,2016,"['Action', 'Drama', 'Thriller']",100.0,4.0,35,Magn.,613000.0,0.0
The World of Kanako,2014,"['Drama', 'Mystery', 'Thriller']",118.0,6.6,3684,Drft.,16600.0,0.0
Now You See Me 2,2016,"['Action', 'Adventure', 'Comedy']",129.0,6.5,216219,LG/S,65099999.0,269800000.0
Jimmy's Hall,2014,"['Biography', 'Drama', 'History']",109.0,6.7,5241,SPC,561000.0,2600000.0
Equals,2014,['Drama'],116.0,7.1,29,A24,33300.0,2100000.0
True Story,2015,['Drama'],93.0,6.6,21,FoxS,4700000.0,0.0
Intruders,2013,"['Comedy', 'Mystery', 'Thriller']",99.0,6.6,247,MNE,69100.0,2900000.0
Stray Dogs,2013,['Drama'],138.0,7.0,2019,CGld,10400.0,0.0
Nasty Baby,2015,['Drama'],101.0,5.6,2099,Orch.,79800.0,0.0
The Bookshop,2017,['Drama'],113.0,6.5,8018,Greenwich,1600000.0,9900000.0
Diplomacy,2014,"['Drama', 'War']",84.0,7.1,4469,Zeit.,231000.0,3700000.0
Marie's Story,2014,"['Biography', 'Drama']",95.0,7.5,1456,FM,11700.0,0.0
Gold,2014,"['Comedy', 'Drama', 'Family']",88.0,6.7,1298,Wein.,7200000.0,7700000.0
Heropanti,2014,"['Action', 'Romance']",146.0,5.3,7284,UTV,63600.0,0.0
Finding Fanny,2014,"['Adventure', 'Comedy', 'Drama']",102.0,5.8,5841,FIP,616000.0,7100000.0
Commitment,2013,"['Action', 'Drama']",113.0,6.8,2499,WGUSA,76500.0,4500000.0
The Journey,2014,"['Comedy', 'Drama', 'Family']",103.0,7.5,545,IFC,155000.0,0.0
Desierto,2015,"['Drama', 'Thriller']",88.0,6.0,8235,STX,2000000.0,1000000.0
A Brilliant Young Mind,2014,"['Drama', 'Romance']",111.0,7.2,25326,Gold.,172000.0,0.0
Trainwreck,2015,"['Comedy', 'Drama', 'Romance']",125.0,6.2,121860,Uni.,110200000.0,30600000.0
Welcome Back,2015,"['Action', 'Comedy', 'Crime']",152.0,4.2,5040,Eros,1400000.0,0.0
The Farewell Party,2014,"['Comedy', 'Drama', 'Romance']",95.0,7.0,1795,Gold.,173000.0,0.0
Rock the Kasbah,2015,"['Comedy', 'Music', 'War']",106.0,5.5,9587,ORF,3000000.0,0.0
Sleeping with Other People,2015,"['Comedy', 'Drama', 'Romance']",101.0,6.5,36105,IFC,819000.0,2400000.0
Alpha,2015,"['Drama', 'Horror', 'Mystery']",80.0,7.7,37,Studio 8,35900000.0,62300000.0
Mr. Holmes,2015,"['Drama', 'Mystery']",104.0,6.9,57976,RAtt.,17700000.0,11600000.0
Room,2015,"['Drama', 'Thriller']",118.0,8.2,316791,A24,14700000.0,20700000.0
Theeb,2014,"['Adventure', 'Drama', 'Thriller']",100.0,7.2,8921,FM,283000.0,0.0
The Diary of a Teenage Girl,2015,"['Comedy', 'Drama', 'Romance']",102.0,6.9,27003,SPC,1500000.0,0.0
Ek Villain,2014,"['Action', 'Crime', 'Drama']",129.0,6.5,14556,Eros,731000.0,0.0
"Men, Women & Children",2014,"['Comedy', 'Drama']",119.0,6.7,28110,Par.,706000.0,1500000.0
The Boy Next Door,2015,"['Horror', 'Thriller']",91.0,4.7,34816,Uni.,35400000.0,17000000.0
Fantastic Beasts and Where to Find Them,2016,"['Adventure', 'Family', 'Fantasy']",132.0,7.3,365353,WB,234000000.0,580000000.0
Brooklyn,2014,"['Drama', 'Music', 'Musical']",83.0,6.4,51,FoxS,38300000.0,23800000.0
The New Girlfriend,2014,['Drama'],108.0,6.6,6796,Cohen,147000.0,0.0
Xenia,2014,"['Drama', 'Romance']",134.0,6.7,3183,Strand,3200.0,0.0
Journey to the South Pacific,2013,['Documentary'],40.0,6.5,145,Imax,7600000.0,6500000.0
Where Hope Grows,2014,"['Drama', 'Family']",95.0,6.6,2747,RAtt.,1200000.0,0.0
Bad Samaritan,2018,"['Crime', 'Horror', 'Thriller']",110.0,6.4,13498,Electric,3400000.0,0.0
Pulling Strings,2013,"['Comedy', 'Romance']",111.0,6.0,1644,LGF,5800000.0,2000000.0
Slow West,2015,"['Adventure', 'Western']",84.0,6.9,38237,A24,229000.0,0.0
Son of God,2014,"['Biography', 'Drama', 'History']",138.0,5.8,17606,Fox,59700000.0,8100000.0
Incarnate,2016,"['Horror', 'Thriller']",91.0,5.3,10217,BH Tilt,4800000.0,1500000.0
Inferno,2014,['Drama'],113.0,6.3,183,Sony,34300000.0,185700000.0
The Last Man on the Moon,2014,"['Adventure', 'Biography', 'Documentary']",95.0,7.4,2762,Grav.,52500.0,0.0
Passion,2013,['Drama'],95.0,5.3,21,EOne,92200.0,0.0
The Blue Room,2014,"['Crime', 'Romance', 'Thriller']",76.0,6.3,2855,IFC,255000.0,0.0
Risen,2016,"['Action', 'Adventure', 'Drama']",107.0,6.3,22813,Sony,36900000.0,9200000.0
Spare Parts,2015,['Drama'],114.0,7.3,9694,LGF,3600000.0,0.0
It Follows,2014,"['Horror', 'Mystery']",100.0,6.9,182839,RTWC,14700000.0,0.0
I'll See You in My Dreams,2015,"['Comedy', 'Drama', 'Romance']",92.0,6.7,6233,BST,7400000.0,0.0
Love Thy Nature,2014,['Documentary'],76.0,6.9,112,ITL,41100.0,11800.0
Charlie's Country,2013,['Drama'],108.0,7.2,1708,MR,42900.0,0.0
Big Stone Gap,2014,"['Comedy', 'Romance']",103.0,5.6,2159,PH,1000000.0,0.0
Loving Vincent,2017,"['Animation', 'Biography', 'Crime']",94.0,7.8,39737,Good Deed,6700000.0,35500000.0
"Kumiko, the Treasure Hunter",2014,['Drama'],105.0,6.6,10850,Ampl.,623000.0,0.0
Sully,2016,"['Biography', 'Drama']",96.0,7.5,202718,WB,125100000.0,115700000.0
Red Army,2014,"['Biography', 'Documentary', 'History']",84.0,7.6,6140,SPC,695000.0,0.0
Advanced Style,2014,"['Biography', 'Comedy', 'Documentary']",72.0,7.3,905,B360,87900.0,0.0
Tale of Tales,2015,"['Drama', 'Fantasy', 'Horror']",134.0,6.4,24058,IFC,119000.0,0.0
Arabian Nights: Volume 1 - The Restless One,2015,['Drama'],125.0,7.0,1815,KL,12300.0,0.0
Jenny's Wedding,2015,"['Comedy', 'Drama', 'Romance']",94.0,5.5,9379,IFC,4700.0,0.0
Welcome to Marwen,2018,"['Biography', 'Comedy', 'Drama']",116.0,6.1,8920,Uni.,10800000.0,2100000.0
Equals,2015,"['Drama', 'Romance', 'Sci-Fi']",101.0,6.1,24032,A24,33300.0,2100000.0
The Autopsy of Jane Doe,2016,"['Horror', 'Mystery', 'Thriller']",86.0,6.8,76339,IFC,10500.0,6000000.0
Good Kill,2014,"['Drama', 'Thriller', 'War']",102.0,6.4,21095,IFC,316000.0,0.0
The Midwife,2015,"['Drama', 'Romance', 'War']",119.0,6.0,1018,MBox,604000.0,0.0
The Revenant,2012,['Horror'],80.0,6.0,20,Fox,183600000.0,349300000.0
London Has Fallen,2016,"['Action', 'Thriller']",99.0,5.9,124757,Focus,62500000.0,143200000.0
The Mystery of Happiness,2014,"['Comedy', 'Drama', 'Romance']",92.0,6.1,743,Strand,8500.0,3200000.0
Shaadi Ke Side Effects,2014,"['Comedy', 'Romance']",145.0,5.6,3566,Eros,921000.0,0.0
Trespass Against Us,2016,"['Action', 'Crime', 'Drama']",99.0,5.8,6640,A24,5700.0,0.0
Jackpot,2013,"['Comedy', 'Thriller']",132.0,2.1,647,DR,800.0,1100000.0
Youth,2015,"['Comedy', 'Drama', 'Music']",124.0,7.3,64418,FoxS,2700000.0,0.0
Coriolanus,2014,"['Drama', 'History', 'War']",192.0,8.7,1347,Wein.,757000.0,315000.0
Split,2016,"['Drama', 'Fantasy']",127.0,3.6,380,Uni.,138300000.0,140200000.0
American Ultra,2015,"['Action', 'Comedy', 'Sci-Fi']",96.0,6.1,76769,LGF,14400000.0,12700000.0
Still Alice,2014,['Drama'],101.0,7.5,116832,SPC,18800000.0,25100000.0
Anesthesia,2015,"['Crime', 'Drama', 'Thriller']",90.0,6.1,3772,IFC,32200.0,0.0
The Mercy,2018,"['Adventure', 'Biography', 'Drama']",112.0,6.0,5457,Scre.,29500.0,4200000.0
Regression,2015,"['Crime', 'Horror', 'Mystery']",106.0,5.7,33335,W/Dim.,55000.0,17600000.0
Annabelle,2014,"['Horror', 'Mystery', 'Thriller']",99.0,5.4,122039,WB (NL),84300000.0,172800000.0
Next Time I'll Aim for the Heart,2014,"['Crime', 'Drama', 'Thriller']",111.0,6.4,2212,Distrib.,800.0,0.0
Pan,2015,"['Adventure', 'Comedy', 'Family']",111.0,5.8,55867,WB,35100000.0,93300000.0
Hungry Hearts,2014,"['Drama', 'Romance', 'Thriller']",109.0,6.4,3797,IFC,6900.0,0.0
1001 Grams,2014,['Drama'],93.0,6.3,1301,KL,11000.0,0.0
Jigsaw,2017,"['Crime', 'Horror', 'Mystery']",92.0,5.8,57184,LGF,38100000.0,64900000.0
Friend Request,2016,"['Horror', 'Thriller']",92.0,5.3,21704,ENTMP,3800000.0,0.0
Fan,2015,['Drama'],90.0,5.8,22,Yash,2300000.0,25900000.0
Compadres,2016,"['Action', 'Comedy', 'Crime']",101.0,4.7,876,PNT,3100000.0,0.0
Transformers: The Last Knight,2017,"['Action', 'Adventure', 'Sci-Fi']",154.0,5.2,119007,Par.,130199999.0,475300000.0
A Separation,2013,"['Documentary', 'Drama', 'Family']",70.0,6.9,61,SPC,7100000.0,12800000.0
The Brothers Grimsby,2016,"['Action', 'Adventure', 'Comedy']",83.0,6.2,82123,Sony,6900000.0,18300000.0
X-Men: Apocalypse,2016,"['Action', 'Adventure', 'Sci-Fi']",144.0,7.0,356556,Fox,155400000.0,388500000.0
A United Kingdom,2016,"['Biography', 'Drama', 'Romance']",111.0,6.8,12231,FoxS,3900000.0,9900000.0
The Forest,2016,"['Horror', 'Mystery', 'Thriller']",93.0,4.8,36423,Focus,26600000.0,11000000.0
Haider,2014,"['Action', 'Crime', 'Drama']",160.0,8.1,45863,UTV,1000000.0,0.0
Jack Reacher: Never Go Back,2016,"['Action', 'Thriller']",118.0,6.1,121892,Par.,58700000.0,103400000.0
Sicario,2015,"['Action', 'Crime', 'Drama']",121.0,7.6,328548,LGF,46900000.0,38000000.0
Tevar,2015,"['Action', 'Drama', 'Romance']",157.0,4.2,2714,Eros,236000.0,0.0
When Marnie Was There,2014,"['Animation', 'Drama', 'Family']",103.0,7.7,24586,GK,561000.0,0.0
Samba,2014,"['Comedy', 'Drama', 'Romance']",118.0,6.7,13388,BG,152000.0,0.0
The Dead Lands,2014,"['Action', 'Adventure']",107.0,6.3,4185,Magn.,5200.0,0.0
Fist Fight,2017,['Comedy'],91.0,5.6,35136,WB (NL),32200000.0,8900000.0
Tazza: The Hidden Card,2014,"['Crime', 'Drama']",147.0,6.9,1678,CJ,252000.0,0.0
The Attorney,2013,['Drama'],127.0,7.7,4104,WGUSA,557000.0,70000000.0
Timbuktu,2014,['Drama'],97.0,7.2,14719,Cohen,1100000.0,0.0
Ferdinand,2017,"['Adventure', 'Animation', 'Comedy']",108.0,6.7,40229,Fox,84400000.0,211700000.0
A Monster Calls,2016,"['Animation', 'Drama', 'Fantasy']",108.0,7.5,70416,Focus,3700000.0,43600000.0
What We Do in the Shadows,2014,"['Comedy', 'Horror']",86.0,7.7,126299,U/P,3500000.0,2800000.0
The End of the Tour,2015,"['Biography', 'Drama']",106.0,7.3,25923,A24,3000000.0,0.0
Ice Age: Collision Course,2016,"['Adventure', 'Animation', 'Comedy']",94.0,5.7,48932,Fox,64099999.0,344500000.0
The Divine Move,2014,"['Action', 'Crime']",118.0,6.7,1701,CJ,137000.0,27800000.0
April and the Extraordinary World,2015,"['Adventure', 'Animation', 'Comedy']",105.0,7.3,5449,GK,295000.0,0.0
The House,2016,['Thriller'],90.0,4.5,476,WB (NL),25600000.0,8600000.0
Branded,2017,"['Drama', 'Mystery', 'Western']",73.0,3.4,37,RAtt.,354000.0,3400000.0
The Last Station,2012,['Documentary'],90.0,7.6,10,SPC,6600000.0,6900000.0
Cake,2014,['Drama'],102.0,6.4,33065,CLF,2000000.0,0.0
Lila & Eve,2015,"['Crime', 'Drama', 'Mystery']",94.0,5.8,7194,Gold.,38300.0,0.0
Paul Blart: Mall Cop 2,2015,"['Action', 'Comedy', 'Crime']",94.0,4.4,30828,Sony,71000000.0,36600000.0
The Sea of Trees,2015,"['Drama', 'Fantasy', 'Mystery']",110.0,6.0,11498,A24,20400.0,0.0
War for the Planet of the Apes,2017,"['Action', 'Adventure', 'Drama']",140.0,7.5,201943,Fox,146900000.0,343800000.0
Francofonia,2015,"['Drama', 'History']",88.0,6.6,2300,MBox,307000.0,0.0
The Escape,2015,['Drama'],96.0,5.7,550,IFC,14000.0,0.0
The Hateful Eight,2015,"['Crime', 'Drama', 'Mystery']",168.0,7.8,434966,Wein.,54100000.0,101600000.0
Stations of the Cross,2014,['Drama'],110.0,7.5,3773,FM,1500.0,0.0
Despicable Me 3,2017,"['Adventure', 'Animation', 'Comedy']",89.0,6.3,92580,Uni.,264600000.0,770200000.0
Sing,2016,"['Animation', 'Comedy', 'Family']",108.0,7.1,115951,Uni.,270400000.0,363800000.0
Maggie's Plan,2015,"['Comedy', 'Drama', 'Romance']",98.0,6.2,14295,SPC,3400000.0,0.0
In Between,2013,"['Documentary', 'Drama', 'Romance']",45.0,7.2,5,FM,108000.0,0.0
Vice,2015,"['Action', 'Adventure', 'Sci-Fi']",96.0,4.2,14436,Annapurna,47800000.0,28200000.0
Ma ma,2015,['Drama'],111.0,6.4,3338,Osci.,47300.0,1100000.0
Hamari Adhuri Kahani,2015,"['Drama', 'Romance']",129.0,6.7,4643,FIP,235000.0,4200000.0
Mediterranea,2015,['Drama'],107.0,6.5,1234,IFC,22100.0,0.0
The Nut Job 2: Nutty by Nature,2017,"['Adventure', 'Animation', 'Comedy']",91.0,5.5,4820,ORF,28400000.0,36800000.0
The Walk,2015,"['Adventure', 'Biography', 'Drama']",123.0,7.3,109714,TriS,10100000.0,51000000.0
Fan,2016,"['Action', 'Drama', 'Thriller']",138.0,7.1,39130,Yash,2300000.0,25900000.0
Captain America: Civil War,2016,"['Action', 'Adventure', 'Sci-Fi']",147.0,7.8,583507,BV,408100000.0,745200000.0
Thor: Ragnarok,2017,"['Action', 'Adventure', 'Comedy']",130.0,7.9,482995,BV,315100000.0,538900000.0
Steve McQueen: The Man & Le Mans,2015,['Documentary'],102.0,6.8,1127,FR,6800.0,0.0
Time Out of Mind,2014,['Drama'],120.0,5.7,3556,IFC,167000.0,0.0
Beijing Love Story,2014,"['Drama', 'Romance']",121.0,5.8,321,CL,428000.0,0.0
Another Year,2014,"['Drama', 'Romance']",107.0,6.6,294,SPC,3200000.0,16500000.0
The Assassin,2015,"['Action', 'Drama', 'History']",105.0,6.3,14092,WGUSA,633000.0,0.0
That Demon Within,2014,"['Action', 'Crime']",111.0,6.0,1154,CL,172000.0,0.0
The Disaster Artist,2017,"['Biography', 'Comedy', 'Drama']",104.0,7.4,111737,A24,21100000.0,8700000.0
The Look of Silence,2014,"['Biography', 'Documentary', 'History']",103.0,8.3,10162,Drft.,109000.0,0.0
Moana,2016,"['Adventure', 'Animation', 'Comedy']",107.0,7.6,224253,BV,248800000.0,394600000.0
Journey to the West,2014,['Drama'],56.0,6.8,656,Magn.,18100.0,205600000.0
Mechanic: Resurrection,2016,"['Action', 'Adventure', 'Thriller']",98.0,5.7,67275,LG/S,21200000.0,104500000.0
Chevalier,2015,"['Comedy', 'Drama']",105.0,6.3,3574,Strand,25700.0,0.0
The Other Side,2014,['Thriller'],85.0,5.4,12,FM,8100.0,0.0
The Night Before,2015,"['Adventure', 'Comedy', 'Fantasy']",101.0,6.4,58455,Sony,43000000.0,9300000.0
Nerve,2016,"['Action', 'Adventure', 'Crime']",96.0,6.5,102782,LGF,38600000.0,46700000.0
American Made,2017,"['Action', 'Biography', 'Comedy']",115.0,7.2,131043,Uni.,51300000.0,83500000.0
Dior and I,2014,['Documentary'],90.0,7.3,3192,Orch.,1000000.0,0.0
45 Years,2015,"['Drama', 'Romance']",91.0,7.1,27914,IFC,4200000.0,0.0
Sing Street,2016,"['Comedy', 'Drama', 'Music']",106.0,8.0,74651,Wein.,3200000.0,10400000.0
Empire of Lust,2015,"['Action', 'Drama', 'Romance']",113.0,5.9,279,CJ,10700.0,0.0
The Music of Strangers,2015,"['Documentary', 'Music']",96.0,7.7,599,Orch.,1200000.0,0.0
Whiskey Tango Foxtrot,2016,"['Biography', 'Comedy', 'Drama']",112.0,6.6,46265,Par.,23100000.0,0.0
Captain Fantastic,2016,"['Comedy', 'Drama']",118.0,7.9,159329,BST,5900000.0,16900000.0
Khoobsurat,2014,"['Comedy', 'Romance']",130.0,6.4,6811,UTV,711000.0,0.0
Legend,2014,"['Action', 'Drama']",168.0,6.5,1568,Uni.,1900000.0,41100000.0
Girls Trip,2017,"['Comedy', 'Drama']",122.0,6.2,29321,Uni.,115200000.0,25400000.0
Songs My Brothers Taught Me,2015,['Drama'],98.0,6.8,642,KL,34800.0,0.0
The Other Side of the Door,2014,['Drama'],90.0,3.8,5,Fox,3000000.0,11300000.0
The Visit,2015,"['Horror', 'Mystery', 'Thriller']",94.0,6.2,102459,Uni.,65200000.0,33200000.0
Legend,2015,"['Biography', 'Crime', 'Drama']",132.0,7.0,138947,Uni.,1900000.0,41100000.0
Neruda,2014,"['Action', 'Drama', 'History']",100.0,5.1,44,Orch.,939000.0,0.0
Zero Motivation,2014,"['Comedy', 'Drama']",97.0,7.3,3645,Zeit.,116000.0,0.0
Bilal: A New Breed of Hero,2015,"['Action', 'Adventure', 'Animation']",105.0,8.0,16854,VE,491000.0,1700000.0
A Perfect Day,2015,"['Comedy', 'Drama', 'War']",106.0,6.8,18190,IFC,14000.0,1700000.0
ADDicted,2017,['Drama'],109.0,7.2,25,LGF,17400000.0,0.0
Chic!,2015,"['Comedy', 'Drama']",103.0,5.4,360,Distrib.,5600.0,0.0
The Forest,2014,"['Documentary', 'History']",72.0,7.1,19,Focus,26600000.0,11000000.0
Last Night,2014,"['Comedy', 'Drama', 'Romance']",93.0,7.3,51,Trib.,99000.0,7600000.0
Aurora,2014,['Drama'],83.0,7.0,87,CGld,5700.0,5100.0
Knock Knock,2015,"['Drama', 'Thriller']",99.0,4.9,68328,LGP,36300.0,0.0
Cars 3,2017,"['Adventure', 'Animation', 'Comedy']",102.0,6.8,59408,BV,152900000.0,231000000.0
Incredibles 2,2018,"['Action', 'Adventure', 'Animation']",118.0,7.7,203510,BV,608600000.0,634200000.0
A Street Cat Named Bob,2016,"['Biography', 'Comedy', 'Drama']",103.0,7.4,23204,Cleopatra,82700.0,0.0
Mommy,2014,['Drama'],139.0,8.1,43020,RAtt.,3500000.0,0.0
Jem and the Holograms,2015,"['Adventure', 'Drama', 'Family']",118.0,4.1,6683,Uni.,2200000.0,149000.0
The Wave,2015,"['Action', 'Drama', 'Thriller']",105.0,6.7,28167,Magn.,177000.0,0.0
Paper Towns,2015,"['Comedy', 'Drama', 'Mystery']",109.0,6.3,87742,Fox,32000000.0,53500000.0
Ricki and the Flash,2015,"['Comedy', 'Drama', 'Music']",101.0,5.9,20932,TriS,26800000.0,14500000.0
Barbershop: The Next Cut,2016,"['Comedy', 'Drama']",111.0,5.9,13306,WB (NL),54000000.0,1000000.0
The Girl on the Train,2016,"['Crime', 'Drama', 'Mystery']",112.0,6.5,150977,Strand,208000.0,97100.0
Closet Monster,2015,"['Drama', 'Fantasy', 'Mystery']",90.0,7.0,6580,Strand,42200.0,0.0
Allied,2016,"['Action', 'Drama', 'Romance']",124.0,7.1,125741,Par.,40100000.0,79400000.0
I Smile Back,2015,['Drama'],85.0,6.1,4636,BG,58700.0,0.0
In the Shadow of Women,2015,"['Drama', 'Romance']",73.0,6.5,1196,Distrib.,50300.0,0.0
Fire at Sea,2016,['Documentary'],114.0,6.8,4861,KL,121000.0,0.0
The Martian,2015,"['Adventure', 'Drama', 'Sci-Fi']",144.0,8.0,680116,Fox,228400000.0,401700000.0
Monkey Kingdom,2015,['Documentary'],81.0,7.3,3400,BV,16399999.0,711000.0
The Red Turtle,2016,"['Animation', 'Fantasy']",80.0,7.5,25061,SPC,922000.0,5700000.0
The Breakup Guru,2014,['Comedy'],114.0,4.3,416,CL,209000.0,0.0
Dragon Blade,2015,"['Action', 'Adventure', 'Drama']",127.0,6.0,16672,LGP,74100.0,121500000.0
Anna,2015,['Drama'],96.0,6.8,106,VE,4300.0,0.0
The Salt of the Earth,2014,"['Biography', 'Documentary', 'History']",110.0,8.4,17262,SPC,1300000.0,0.0
Humpty Sharma Ki Dulhania,2014,"['Comedy', 'Drama', 'Romance']",133.0,6.1,9835,Relbig.,380000.0,0.0
Dishoom,2016,"['Action', 'Adventure', 'Comedy']",124.0,5.1,5750,Eros,813000.0,0.0
Last Cab to Darwin,2015,"['Comedy', 'Drama', 'Romance']",123.0,7.2,3112,FRun,34200.0,0.0
Bridge of Spies,2015,"['Drama', 'History', 'Thriller']",142.0,7.6,263004,BV,72300000.0,93200000.0
3 idiotas,2017,"['Comedy', 'Family']",106.0,4.2,739,PNT,1200000.0,0.0
Heaven Knows What,2014,['Drama'],97.0,6.7,4520,RTWC,80700.0,0.0
Miss Hokusai,2015,"['Animation', 'Biography', 'Drama']",93.0,6.7,2379,GK,223000.0,0.0
The BFG,2016,"['Adventure', 'Family', 'Fantasy']",117.0,6.4,69340,BV,55500000.0,127900000.0
The Golden Era,2014,"['Biography', 'Drama', 'Romance']",177.0,6.4,900,CL,103000.0,0.0
No Tears for the Dead,2014,"['Action', 'Thriller']",116.0,6.8,4953,CJ,63100.0,0.0
The Other Side of the Door,2016,['Horror'],96.0,5.3,15813,Fox,3000000.0,11300000.0
Christmas Eve,2015,['Comedy'],95.0,5.1,2073,Ampl.,91300.0,0.0
By the Sea,2015,"['Drama', 'Romance']",122.0,5.3,16206,Uni.,538000.0,2800000.0
Janis: Little Girl Blue,2015,"['Biography', 'Documentary', 'Music']",103.0,7.4,4485,FR,410000.0,1200000.0
Unfriended,2014,"['Horror', 'Mystery', 'Thriller']",83.0,5.6,62043,Uni.,32500000.0,31600000.0
L'attesa,2015,['Drama'],100.0,6.6,1755,Osci.,55800.0,0.0
Irrational Man,2015,"['Comedy', 'Drama']",95.0,6.6,50303,SPC,4000000.0,23400000.0
Elle,2016,"['Crime', 'Drama', 'Thriller']",130.0,7.1,54616,SPC,2300000.0,0.0
After the Ball,2015,['Comedy'],101.0,5.9,2714,Free,162000.0,0.0
Court,2014,['Drama'],116.0,7.7,3256,Zeit.,22900.0,0.0
Underworld: Blood Wars,2016,"['Action', 'Adventure', 'Fantasy']",91.0,5.8,62942,SGem,30400000.0,50700000.0
God's Own Country,2014,['Drama'],133.0,6.2,331,Orion,336000.0,0.0
American Honey,2016,"['Adventure', 'Drama', 'Romance']",163.0,7.0,31663,A24,663000.0,1200000.0
Maudie,2016,"['Biography', 'Drama', 'Romance']",115.0,7.6,11427,SPC,6200000.0,0.0
Gringo,2018,"['Action', 'Comedy', 'Crime']",111.0,6.1,21279,STX,5000000.0,6000000.0
The Lady in the Van,2015,"['Biography', 'Comedy', 'Drama']",104.0,6.7,23105,SPC,10000000.0,31400000.0
Mastizaade,2016,['Comedy'],119.0,2.4,2267,Eros,43400.0,0.0
Experimenter,2015,"['Biography', 'Drama', 'History']",98.0,6.6,16099,Magn.,156000.0,0.0
Kong: Skull Island,2017,"['Action', 'Adventure', 'Fantasy']",118.0,6.6,237720,WB,168100000.0,398600000.0
Point Blank,2015,"['Crime', 'Documentary', 'History']",92.0,8.2,15,Magn.,708000.0,8500000.0
Bajirao Mastani,2015,"['Action', 'Drama', 'History']",158.0,7.2,28438,Eros,6600000.0,0.0
Pop Aye,2017,['Drama'],104.0,6.6,688,KL,78000.0,0.0
Mountains May Depart,2015,"['Drama', 'Romance']",126.0,6.8,4309,KL,82900.0,0.0
The Leisure Seeker,2017,"['Adventure', 'Comedy', 'Drama']",112.0,6.7,5337,SPC,3200000.0,0.0
Lion,2016,"['Biography', 'Drama']",118.0,8.1,181601,Wein.,51700000.0,88600000.0
Awake: The Life of Yogananda,2014,['Documentary'],87.0,7.3,957,CF&SR,1500000.0,0.0
The Second Mother,2015,"['Comedy', 'Drama']",112.0,7.8,10833,Osci.,377000.0,0.0
The Losers,2013,['Drama'],112.0,1.7,70,WB,23600000.0,5800000.0
Hitchcock/Truffaut,2015,['Documentary'],79.0,7.4,4977,Cohen,260000.0,0.0
Rogue One: A Star Wars Story,2016,"['Action', 'Adventure', 'Sci-Fi']",133.0,7.8,478592,BV,532200000.0,523900000.0
The Wife,2017,['Drama'],99.0,7.2,24955,SPC,9600000.0,8600000.0
Truman,2015,"['Comedy', 'Drama']",108.0,7.3,10160,FR,211000.0,8800000.0
Our Little Sister,2015,"['Drama', 'Family']",127.0,7.5,9728,SPC,468000.0,0.0
My Big Fat Greek Wedding 2,2016,"['Comedy', 'Romance']",94.0,6.0,25933,Uni.,59700000.0,29200000.0
The Equalizer 2,2018,"['Action', 'Crime', 'Thriller']",121.0,6.7,97963,Sony,102100000.0,88300000.0
"Hello, My Name Is Doris",2015,"['Comedy', 'Drama', 'Romance']",90.0,6.6,17444,RAtt.,14400000.0,0.0
Piku,2015,"['Comedy', 'Drama']",123.0,7.6,24878,Yash,1800000.0,0.0
Snowden,2016,"['Biography', 'Drama', 'Thriller']",134.0,7.3,119149,ORF,21600000.0,15700000.0
Ashby,2015,"['Comedy', 'Crime', 'Drama']",100.0,6.4,13572,TFA,4600.0,0.0
Solo: A Star Wars Story,2018,"['Action', 'Adventure', 'Fantasy']",135.0,7.0,226243,BV,213800000.0,179200000.0
Won't Back Down,2014,['Sport'],114.0,7.9,77,Fox,5300000.0,0.0
Monster Hunt,2015,"['Action', 'Adventure', 'Comedy']",117.0,6.1,4158,FR,32800.0,385300000.0
La La Land,2016,"['Comedy', 'Drama', 'Music']",128.0,8.0,436070,LG/S,151100000.0,295000000.0
We Are Your Friends,2015,"['Drama', 'Music', 'Romance']",96.0,6.2,32327,WB,3600000.0,7500000.0
The Brand New Testament,2015,"['Comedy', 'Fantasy']",114.0,7.1,25816,MBox,128000.0,0.0
From the Land of the Moon,2016,"['Drama', 'Romance']",120.0,6.7,4523,IFC,47700.0,6500000.0
The Choice,2016,"['Drama', 'Romance']",111.0,6.6,30117,LGF,18700000.0,0.0
The Nice Guys,2016,"['Action', 'Comedy', 'Crime']",116.0,7.4,240337,WB,36300000.0,26500000.0
Fidelio: Alice's Odyssey,2014,"['Drama', 'Romance']",97.0,6.4,669,FRun,3600.0,0.0
Wild City,2015,"['Action', 'Crime', 'Thriller']",120.0,5.8,729,WGUSA,34900.0,0.0
Son of Saul,2015,"['Drama', 'War']",107.0,7.5,39232,SPC,1800000.0,0.0
Mr. Right,2015,['Comedy'],79.0,3.0,272,FCW,34700.0,0.0
Ode to My Father,2014,"['Drama', 'War']",126.0,7.8,3114,CJ,2300000.0,0.0
Dragon Ball Z: Resurrection 'F',2015,"['Action', 'Adventure', 'Animation']",93.0,7.3,18286,FUN,8000000.0,53800000.0
Tangerine,2015,"['Comedy', 'Crime', 'Drama']",88.0,7.1,23133,Magn.,702000.0,0.0
Labyrinth of Lies,2014,"['Drama', 'History']",124.0,7.3,10435,SPC,794000.0,0.0
The Tree,2014,['Drama'],90.0,6.7,107,Zeit.,71200.0,2100000.0
The Monk,2014,['Drama'],93.0,7.2,33,ATO,13500.0,794000.0
Only the Brave,2017,"['Action', 'Biography', 'Drama']",134.0,7.7,45482,Sony,18300000.0,7400000.0
A War,2015,"['Crime', 'Drama', 'War']",115.0,7.1,8599,Magn.,123000.0,0.0
War Room,2015,['Drama'],120.0,6.5,11716,TriS,67800000.0,0.0
Shamitabh,2015,['Drama'],155.0,6.8,6444,Eros,325000.0,0.0
Love Live! The School Idol Movie,2015,"['Animation', 'Comedy', 'Music']",99.0,6.9,381,AZ,116000.0,0.0
The Tempest,2014,"['Comedy', 'Drama']",169.0,8.5,171,Mira.,278000.0,68700.0
Land of Mine,2015,"['Drama', 'History', 'War']",100.0,7.8,28287,SPC,435000.0,0.0
Mama,2011,['Drama'],110.0,6.6,18,Uni.,71600000.0,74800000.0
Twenty Two,2015,"['Crime', 'Documentary', 'History']",112.0,7.5,303,CL,46800.0,0.0
Mr. X,2015,"['Action', 'Crime', 'Sci-Fi']",133.0,3.8,1515,FIP,45000.0,5000000.0
Dope,2015,"['Comedy', 'Crime', 'Drama']",103.0,7.2,76557,ORF,17500000.0,480000.0
Chronic,2015,['Drama'],93.0,6.6,2589,MR,9000.0,0.0
Krampus,2015,"['Comedy', 'Fantasy', 'Horror']",98.0,6.2,55400,Uni.,42700000.0,18800000.0
The Connection,2014,"['Documentary', 'News']",72.0,8.3,30,Drft.,191000.0,0.0
Truth,2015,"['Biography', 'Drama', 'History']",125.0,6.8,17075,SPC,2500000.0,0.0
Mohenjo Daro,2016,"['Action', 'Adventure', 'Drama']",155.0,5.8,9508,UTV,1300000.0,0.0
The Perfect Guy,2015,"['Crime', 'Drama', 'Horror']",100.0,5.6,8998,SGem,57000000.0,3200000.0
Bajrangi Bhaijaan,2015,"['Action', 'Comedy', 'Drama']",163.0,8.0,63747,Eros,8199999.0,0.0
Lazer Team,2015,"['Action', 'Comedy', 'Sci-Fi']",102.0,5.6,8727,Ampl.,1200000.0,0.0
Anna,2015,"['Crime', 'Drama', 'Thriller']",109.0,5.6,88,VE,4300.0,0.0
The Boss Baby,2017,"['Adventure', 'Animation', 'Comedy']",97.0,6.3,93730,Fox,175000000.0,353000000.0
Men & Chicken,2015,"['Comedy', 'Drama', 'Mystery']",104.0,6.7,9172,Drft.,30200.0,4600000.0
Stronger,2017,"['Biography', 'Drama']",119.0,7.0,33464,RAtt.,4200000.0,4200000.0
Microbe & Gasoline,2015,"['Adventure', 'Comedy', 'Drama']",105.0,6.7,2113,Scre.,63800.0,0.0
The Eagle Huntress,2016,"['Adventure', 'Documentary', 'Sport']",87.0,7.5,3067,SPC,3200000.0,0.0
Baby Driver,2017,"['Action', 'Crime', 'Drama']",113.0,7.6,363977,TriS,107800000.0,119100000.0
Breakup Buddies,2014,"['Comedy', 'Drama', 'Romance']",116.0,6.4,1199,CL,778000.0,188200000.0
Leave No Trace,2018,['Drama'],109.0,7.2,33804,BST,6000000.0,0.0
That Sugar Film,2014,['Documentary'],90.0,7.4,8012,Gold.,3500.0,0.0
Capture the Flag,2015,"['Adventure', 'Animation', 'Comedy']",94.0,5.9,3121,Par.,6700.0,24600000.0
Guardians of the Galaxy Vol. 2,2017,"['Action', 'Adventure', 'Comedy']",136.0,7.7,482917,BV,389800000.0,473900000.0
Flowers,2014,['Drama'],99.0,6.9,2362,MBox,61600.0,0.0
The Breadwinner,2017,"['Animation', 'Drama', 'Family']",94.0,7.7,14146,GK,312000.0,0.0
Mary Shelley,2017,"['Biography', 'Drama', 'History']",120.0,6.4,8534,IFC,109000.0,0.0
The Iron Ministry,2014,['Documentary'],82.0,6.8,209,Icar.,3200.0,0.0
Worlds Apart,2015,"['Drama', 'Romance']",113.0,7.4,7099,CLS,60300.0,0.0
The Carer,2016,"['Comedy', 'Drama']",89.0,6.5,1129,Crnth,6200.0,0.0
"Life, Animated",2016,"['Comedy', 'Documentary', 'Drama']",92.0,7.5,5078,Orch.,255000.0,0.0
The Daughter,2015,['Drama'],96.0,6.6,3949,KL,26400.0,0.0
The Space Between Us,2017,"['Adventure', 'Drama', 'Romance']",120.0,6.4,41031,STX,7900000.0,6900000.0
Teenage Mutant Ninja Turtles: Out of the Shadows,2016,"['Action', 'Adventure', 'Comedy']",112.0,6.0,77234,Par.,82100000.0,163600000.0
The Taking of Tiger Mountain,2014,"['Action', 'Adventure', 'Biography']",141.0,6.5,2456,WGUSA,229000.0,141400000.0
The Tribe,2016,"['Drama', 'Sci-Fi', 'Thriller']",97.0,4.6,340,Drft.,151000.0,0.0
Suntan,2016,['Drama'],104.0,6.6,4686,Strand,6600.0,0.0
Don't Breathe,2014,['Documentary'],86.0,6.6,43,SGem,89200000.0,67900000.0
The Lesson,2014,['Drama'],111.0,7.2,2101,FM,9000.0,0.0
In the Basement,2014,['Documentary'],81.0,6.7,2121,Strand,3600.0,0.0
Welcome to Leith,2015,['Documentary'],85.0,7.0,3512,FRun,36000.0,0.0
Mustang,2015,['Drama'],97.0,7.6,30899,Cohen,845000.0,0.0
The President,2014,['Drama'],119.0,7.3,1207,Crnth,7600.0,0.0
Queen of Earth,2015,"['Drama', 'Thriller']",90.0,6.3,5200,IFC,91200.0,0.0
Intruders,2017,"['Crime', 'Drama', 'Thriller']",90.0,4.8,15,MNE,69100.0,2900000.0
Do I Sound Gay?,2014,['Documentary'],77.0,5.6,1682,IFC,119000.0,0.0
The House That Jack Built,2018,"['Crime', 'Drama', 'Horror']",152.0,6.9,35669,IFC,88000.0,0.0
Colonia,2015,"['Drama', 'Romance', 'Thriller']",106.0,7.1,41738,Scre.,15700.0,0.0
Shaandaar,2015,"['Comedy', 'Drama', 'Romance']",144.0,3.7,4229,FIP,522000.0,7800000.0
Stray Dogs,2014,['Thriller'],99.0,5.6,39,CGld,10400.0,0.0
Hockney,2014,['Documentary'],112.0,6.7,249,FM,121000.0,0.0
Intruders,2015,"['Drama', 'Horror', 'Thriller']",90.0,5.7,10374,MNE,69100.0,2900000.0
The Handmaiden,2016,"['Drama', 'Romance', 'Thriller']",145.0,8.1,79272,Magn.,2000000.0,0.0
Gifted,2014,"['Crime', 'Drama', 'Thriller']",103.0,5.6,107,FoxS,24800000.0,18200000.0
Wonder Woman,2014,['Sci-Fi'],60.0,4.2,20,WB,412600000.0,409300000.0
The Bye Bye Man,2017,"['Drama', 'Fantasy', 'Horror']",96.0,4.3,17743,STX,22400000.0,4300000.0
Manchester by the Sea,2016,['Drama'],137.0,7.8,214557,RAtt.,47700000.0,31300000.0
Swiss Army Man,2016,"['Adventure', 'Comedy', 'Drama']",97.0,7.0,91736,A24,4200000.0,0.0
Cosmos,2015,['Drama'],103.0,5.9,1385,KL,25300.0,0.0
Citizenfour,2014,"['Biography', 'Documentary', 'Thriller']",114.0,8.1,47994,RTWC,2800000.0,202000.0
Maze Runner: The Scorch Trials,2015,"['Action', 'Sci-Fi', 'Thriller']",131.0,6.3,201143,Fox,81700000.0,230600000.0
My Golden Days,2015,['Drama'],123.0,6.8,2825,Magn.,269000.0,0.0
Toni Erdmann,2016,"['Comedy', 'Drama']",162.0,7.4,38095,SPC,1500000.0,0.0
One Day,2014,['Family'],90.0,6.2,13,Focus,13800000.0,45500000.0
The Shallows,2016,"['Drama', 'Horror', 'Thriller']",86.0,6.3,106927,Sony,55100000.0,64000000.0
Fate/Stay Night: Heaven's Feel - I. Presage Flower,2017,"['Action', 'Animation', 'Drama']",120.0,7.3,864,Fathom,194000.0,0.0
Do You Believe?,2015,['Drama'],120.0,6.1,6462,PFR,13000000.0,1400000.0
Blackway,2015,['Thriller'],90.0,5.3,7698,Electric,27100.0,0.0
Until Forever,2016,"['Drama', 'Romance']",100.0,6.4,402,Linn,35800.0,0.0
Green Room,2015,"['Horror', 'Music', 'Thriller']",95.0,7.0,90773,A24,3200000.0,0.0
"My Love, Don't Cross That River",2014,"['Documentary', 'Drama', 'Romance']",86.0,8.0,512,FM,88000.0,0.0
The Darkest Minds,2018,"['Action', 'Adventure', 'Drama']",104.0,5.7,21340,Fox,12700000.0,28400000.0
Third Person,2015,"['Documentary', 'Drama']",57.0,8.6,10,SPC,1000000.0,0.0
The Lesson,2015,"['Drama', 'Horror', 'Thriller']",97.0,4.3,1083,FM,9000.0,0.0
A Man Called Ove,2015,"['Comedy', 'Drama', 'Romance']",116.0,7.7,39163,MBox,3500000.0,0.0
Dheepan,2015,"['Crime', 'Drama']",115.0,7.2,12312,IFC,262000.0,0.0
Disorder,2015,"['Drama', 'Thriller']",98.0,6.2,5043,IFC,51900.0,0.0
Lolo,2015,['Comedy'],99.0,5.7,3262,FR,24100.0,0.0
The Purge: Election Year,2016,"['Action', 'Horror', 'Sci-Fi']",108.0,6.0,80254,Uni.,79200000.0,39400000.0
Troublemakers: The Story of Land Art,2015,"['Biography', 'Documentary', 'History']",72.0,6.5,108,FRun,29500.0,9100.0
The Forecaster,2014,"['Biography', 'Documentary']",100.0,6.8,1108,FOR,10200.0,0.0
People Places Things,2015,"['Comedy', 'Romance']",85.0,6.9,7518,TFA,67000.0,0.0
Dil Dhadakne Do,2015,"['Comedy', 'Drama', 'Romance']",170.0,6.8,12754,Eros,3100000.0,0.0
City of Gold,2018,"['Action', 'Adventure', 'Horror']",99.0,4.8,52,IFC,641000.0,0.0
The Lego Batman Movie,2017,"['Action', 'Animation', 'Comedy']",104.0,7.3,116433,WB,175800000.0,136200000.0
Things to Come,2016,['Drama'],102.0,7.0,9941,IFC,388000.0,0.0
Valley of Love,2015,['Drama'],91.0,5.9,1714,Strand,28600.0,0.0
Fantastic Beasts: The Crimes of Grindelwald,2018,"['Adventure', 'Family', 'Fantasy']",134.0,6.6,163151,WB,159600000.0,494100000.0
Cartel Land,2015,['Documentary'],100.0,7.4,16653,Orch.,704000.0,422000.0
The Ones Below,2015,"['Drama', 'Thriller']",87.0,6.1,8046,Magn.,12500.0,0.0
My Little Pony: The Movie,2017,"['Adventure', 'Animation', 'Comedy']",99.0,6.1,5133,LGF,21900000.0,38400000.0
Ixcanul,2015,['Drama'],93.0,7.2,2346,KL,295000.0,0.0
Florence Foster Jenkins,2016,"['Biography', 'Comedy', 'Drama']",111.0,6.8,44970,Par.,27400000.0,21500000.0
Dark Horse,2015,"['Documentary', 'Drama']",85.0,7.3,908,BM&DH,166000.0,0.0
Keanu,2016,"['Action', 'Comedy', 'Crime']",100.0,6.3,41560,WB (NL),20600000.0,0.0
Wiener-Dog,2016,"['Comedy', 'Drama']",88.0,5.9,8420,IFC,477000.0,0.0
Listen to Me Marlon,2015,"['Biography', 'Documentary']",103.0,8.2,6330,SHO,426000.0,0.0
Avengers: Infinity War,2018,"['Action', 'Adventure', 'Sci-Fi']",149.0,8.5,670926,BV,678800000.0,1369.5
Free Fire,2016,"['Action', 'Comedy', 'Crime']",91.0,6.4,35954,A24,1800000.0,0.0
3 Generations,2015,['Drama'],92.0,5.8,4991,Wein.,156000.0,375000.0
The Lady in the Car with Glasses and a Gun,2015,"['Drama', 'Mystery', 'Thriller']",93.0,5.5,2237,Magn.,2200.0,0.0
Don't Breathe,2016,"['Crime', 'Horror', 'Thriller']",88.0,7.1,186799,SGem,89200000.0,67900000.0
M.S. Dhoni: The Untold Story,2016,"['Biography', 'Drama', 'Sport']",184.0,7.7,28343,FIP,1800000.0,26000000.0
Red,2014,['Drama'],107.0,8.4,8,Sum.,90400000.0,108600000.0
Tunnel,2014,['Horror'],86.0,4.9,164,WGUSA,569000.0,0.0
Gringo,2016,['Drama'],80.0,4.4,10,STX,5000000.0,6000000.0
Woodlawn,2015,"['Drama', 'Sport']",123.0,6.5,6070,PFR,14400000.0,0.0
Anthropoid,2016,"['Biography', 'History', 'Thriller']",120.0,7.2,38229,BST,3000000.0,0.0
Strange Magic,2015,"['Adventure', 'Animation', 'Comedy']",99.0,5.8,9292,BV,12400000.0,1200000.0
Indignation,2016,"['Drama', 'Romance']",110.0,6.8,10557,RAtt.,3400000.0,523000.0
The People vs. Fritz Bauer,2015,"['Biography', 'Drama', 'Thriller']",105.0,7.1,3544,Cohen,288000.0,0.0
Jason Bourne,2016,"['Action', 'Thriller']",123.0,6.6,190596,Uni.,162400000.0,253100000.0
Score: A Film Music Documentary,2016,"['Documentary', 'Music']",93.0,7.5,3231,Grav.,101000.0,0.0
Molly's Game,2017,"['Biography', 'Crime', 'Drama']",140.0,7.5,104786,STX,28800000.0,30500000.0
Kung Fu Yoga,2017,"['Action', 'Adventure', 'Comedy']",107.0,5.2,7549,WGUSA,363000.0,253800000.0
Widows,2018,"['Crime', 'Drama', 'Thriller']",129.0,7.0,61615,Fox,42400000.0,33600000.0
The Wall,2017,"['Action', 'Drama', 'Thriller']",88.0,6.2,20391,RAtt.,1800000.0,2700000.0
Les Cowboys,2015,['Drama'],104.0,6.7,1774,Cohen,80800.0,0.0
In Harmony,2015,['Drama'],87.0,6.3,597,Distrib.,3100.0,0.0
Lost in Hong Kong,2015,"['Action', 'Adventure', 'Comedy']",114.0,5.4,1281,WGUSA,1300000.0,255000000.0
Hostiles,2015,"['Drama', 'Thriller']",74.0,6.6,17,ENTMP,29800000.0,0.0
Alpha,2018,"['Adventure', 'Drama', 'Family']",96.0,6.7,41882,Studio 8,35900000.0,62300000.0
Flowers,2015,"['Horror', 'Mystery', 'Thriller']",79.0,5.6,272,MBox,61600.0,0.0
The Darkest Hour,2014,"['Documentary', 'News']",52.0,6.4,8,Sum.,21400000.0,43200000.0
Beast,2015,"['Crime', 'Drama', 'Thriller']",94.0,7.4,45,RAtt.,800000.0,0.0
The Himalayas,2015,"['Adventure', 'Biography', 'Drama']",124.0,6.4,779,CJ,697000.0,49800000.0
The Void,2016,"['Horror', 'Mystery', 'Sci-Fi']",90.0,5.8,25143,Scre.,151000.0,0.0
Miracles from Heaven,2016,"['Biography', 'Drama', 'Family']",109.0,7.1,17734,TriS,61700000.0,12200000.0
Southside with You,2016,"['Biography', 'Drama', 'History']",84.0,6.3,7282,RAtt.,6300000.0,208000.0
Shin Godzilla,2016,"['Action', 'Adventure', 'Drama']",120.0,6.7,18051,FUN,1900000.0,76000000.0
The Witch,2015,"['Horror', 'Mystery']",92.0,6.8,154278,A24,25100000.0,15300000.0
The Boy and the Beast,2015,"['Action', 'Adventure', 'Animation']",119.0,7.7,16503,FUN,491000.0,0.0
The Master,2014,"['Action', 'History']",86.0,4.8,54,Wein.,16399999.0,11900000.0
The Beauty Inside,2015,"['Drama', 'Romance']",127.0,7.4,4040,WGUSA,108000.0,0.0
The Founder,2016,"['Biography', 'Drama', 'History']",115.0,7.2,97841,Wein.,12800000.0,11300000.0
Seasons,2015,['Documentary'],96.0,7.2,1302,MBox,150000.0,0.0
Wonder Woman,2016,"['Documentary', 'Drama', 'Sport']",75.0,6.9,13,WB,412600000.0,409300000.0
Embrace of the Serpent,2015,"['Adventure', 'Drama']",125.0,7.9,17377,Osci.,1300000.0,0.0
Evolution,2015,"['Drama', 'Mystery', 'Sci-Fi']",81.0,6.0,5266,IFC,24800.0,0.0
Lady Macbeth,2016,"['Drama', 'Romance']",89.0,6.8,15269,RAtt.,1100000.0,0.0
Every Thing Will Be Fine,2015,['Drama'],90.0,6.6,24,IFC,9200.0,0.0
Ladrones,2015,['Comedy'],97.0,4.9,239,LGF,3100000.0,0.0
Sweet Bean,2015,['Drama'],113.0,7.4,7184,KL,125000.0,0.0
Last Night,2014,['Comedy'],90.0,4.5,161,Trib.,99000.0,7600000.0
By the Sea,2016,['Drama'],80.0,8.0,33,Uni.,538000.0,2800000.0
Kubo and the Two Strings,2016,"['Action', 'Adventure', 'Animation']",101.0,7.8,105578,Focus,48000000.0,21900000.0
Jackpot,2015,['Comedy'],92.0,6.7,55,DR,800.0,1100000.0
Julieta,2016,"['Drama', 'Mystery', 'Romance']",99.0,7.1,24556,SPC,1500000.0,21000000.0
Being 17,2016,"['Drama', 'Romance']",116.0,7.2,4576,Strand,52700.0,0.0
They Will Have to Kill Us First,2015,['Documentary'],100.0,7.3,112,BBC,7500.0,0.0
Viva,2015,['Drama'],100.0,7.2,1476,Magn.,178000.0,0.0
Ghost in the Shell: The New Movie,2015,"['Action', 'Animation', 'Sci-Fi']",100.0,6.7,3003,FUN,101000.0,0.0
On the Road,2014,['Drama'],89.0,6.0,6,IFC,744000.0,8000000.0
Queen of Katwe,2016,"['Biography', 'Drama', 'Sport']",124.0,7.4,13039,BV,8900000.0,1500000.0
The King's Choice,2016,"['Biography', 'Drama', 'History']",133.0,7.2,5637,Gold.,113000.0,0.0
Jai Ho,2014,"['Biography', 'Documentary', 'Music']",60.0,7.6,34,Eros,1300000.0,0.0
Creed,2016,"['Crime', 'Drama']",80.0,5.8,25,WB (NL),109800000.0,63800000.0
The Joneses,2016,"['Biography', 'Documentary']",80.0,5.9,15,RAtt.,1500000.0,5500000.0
Ouija: Origin of Evil,2016,"['Drama', 'Horror', 'Mystery']",99.0,6.1,47099,Uni.,35100000.0,46600000.0
Cairo Time,2014,"['Comedy', 'Drama', 'Romance']",110.0,6.1,167,IFC,1600000.0,391000.0
The Innocents,2016,"['Drama', 'History']",115.0,7.3,7987,MBox,1100000.0,0.0
Aferim!,2015,"['Adventure', 'Comedy', 'Drama']",108.0,7.6,5795,BWP,108000.0,0.0
The Club,2015,"['Comedy', 'Drama', 'Mystery']",98.0,7.2,8163,MBox,52800.0,0.0
Three,2016,"['Action', 'Crime', 'Thriller']",88.0,5.9,1522,WGUSA,120000.0,0.0
Extraction,2015,"['Action', 'Adventure', 'Crime']",92.0,4.1,8564,LGP,16800.0,0.0
20th Century Women,2016,"['Comedy', 'Drama']",119.0,7.3,32057,A24,5700000.0,0.0
Fitoor,2016,"['Drama', 'Romance']",131.0,5.4,3883,UTV,529000.0,0.0
As I Open My Eyes,2015,['Drama'],102.0,6.8,1081,KL,31000.0,0.0
My Cousin Rachel,2017,"['Drama', 'Mystery', 'Romance']",106.0,6.0,15473,FoxS,2700000.0,6500000.0
Kedi,2016,['Documentary'],79.0,7.7,10925,Osci.,2800000.0,0.0
Neither Heaven Nor Earth,2015,"['Drama', 'Fantasy', 'Mystery']",100.0,6.3,820,FM,12800.0,0.0
Down by Love,2016,"['Biography', 'Drama', 'Romance']",110.0,5.9,1154,Distrib.,700.0,0.0
Marguerite,2015,"['Comedy', 'Drama', 'Music']",129.0,7.0,4473,Cohen,497000.0,0.0
The Measure of a Man,2015,['Drama'],91.0,6.8,5048,KL,112000.0,0.0
Paris Can Wait,2016,"['Comedy', 'Drama', 'Romance']",92.0,5.8,6416,SPC,5600000.0,0.0
Pyaar Ka Punchnama 2,2015,"['Comedy', 'Drama', 'Romance']",137.0,7.3,12820,Rel.,223000.0,0.0
C'est Si Bon,2015,"['Drama', 'Romance']",122.0,6.0,322,CJ,164000.0,0.0
Neighbors 2: Sorority Rising,2016,['Comedy'],92.0,5.7,102793,Uni.,55500000.0,52600000.0
Tag,2015,"['Action', 'Fantasy', 'Horror']",85.0,6.1,4331,WB (NL),54700000.0,23400000.0
Better Watch Out,2016,"['Comedy', 'Crime', 'Horror']",89.0,6.5,22367,WGUSA,20400.0,0.0
Porto,2016,"['Drama', 'Romance']",76.0,6.2,1370,KL,15100.0,0.0
Tomorrow,2015,['Documentary'],118.0,8.1,2817,UTMW,62500.0,0.0
Before We Go,2014,"['Documentary', 'Drama', 'News']",84.0,7.0,22,RTWC,37200.0,0.0
Fifty Shades Darker,2017,"['Drama', 'Romance']",118.0,4.6,81706,Uni.,114600000.0,267000000.0
Fatima,2015,"['Drama', 'Family']",79.0,6.4,1234,KL,50100.0,0.0
Katti Batti,2015,"['Comedy', 'Drama', 'Romance']",135.0,4.9,2484,UTV,365000.0,0.0
Certain Women,2016,['Drama'],107.0,6.3,10315,IFC,1100000.0,0.0
Paddington 2,2017,"['Adventure', 'Comedy', 'Family']",103.0,7.9,46481,WB,40900000.0,186400000.0
Fifty Shades Freed,2018,"['Drama', 'Romance', 'Thriller']",105.0,4.5,43893,Uni.,100400000.0,271500000.0
Gifted,2017,['Drama'],101.0,7.6,82426,FoxS,24800000.0,18200000.0
The House,2017,"['Comedy', 'Crime']",88.0,5.6,33365,WB (NL),25600000.0,8600000.0
Argentina,2015,"['Documentary', 'Musical']",85.0,6.7,146,FRun,14900.0,0.0
Final Portrait,2017,"['Biography', 'Comedy', 'Drama']",90.0,6.3,3841,SPC,462000.0,0.0
Why Him?,2016,['Comedy'],111.0,6.2,89628,Fox,60300000.0,57800000.0
The Meddler,2015,"['Comedy', 'Drama', 'Romance']",103.0,6.3,10629,SPC,4300000.0,0.0
Detective K: Secret of the Lost Island,2015,"['Action', 'Adventure', 'Comedy']",124.0,6.4,393,CJ,185000.0,0.0
The Treasure,2015,['Comedy'],89.0,6.7,2357,SDS,50200.0,0.0
Morgan,2016,"['Action', 'Horror', 'Sci-Fi']",92.0,5.8,35487,Fox,3900000.0,4900000.0
Overlord,2018,"['Action', 'Adventure', 'Horror']",110.0,6.7,56108,Par.,21700000.0,20000000.0
Robin Hood,2018,"['Action', 'Adventure', 'Thriller']",116.0,5.3,41588,Uni.,105300000.0,216400000.0
Dilwale,2015,"['Action', 'Comedy', 'Romance']",158.0,5.2,28990,UTV,4900000.0,0.0
White Boy Rick,2018,"['Crime', 'Drama']",111.0,6.4,16255,Studio 8,24000000.0,1900000.0
Finding Your Feet,2017,"['Comedy', 'Drama', 'Music']",111.0,6.7,4040,RAtt.,1400000.0,0.0
Buried,2011,['Thriller'],95.0,6.0,5,LGF,1000000.0,18100000.0
Miss Sloane,2016,"['Drama', 'Thriller']",132.0,7.5,52788,EC,3500000.0,5600000.0
Nocturnal Animals,2016,"['Drama', 'Thriller']",116.0,7.5,205240,Focus,10700000.0,19600000.0
Jeruzalem,2015,['Horror'],94.0,4.7,7627,EpicPics,11300.0,0.0
Darkest Hour,2017,"['Biography', 'Drama', 'History']",125.0,7.4,136546,Focus,56500000.0,94400000.0
Ae Dil Hai Mushkil,2016,"['Drama', 'Music', 'Musical']",158.0,5.8,18481,FIP,4300000.0,24100000.0
Housefull 3,2016,"['Action', 'Comedy']",140.0,5.2,6805,Eros,1300000.0,0.0
Mile 22,2018,"['Action', 'Adventure', 'Thriller']",94.0,6.1,47862,STX,36100000.0,30200000.0
A Monster with a Thousand Heads,2015,"['Drama', 'Thriller']",74.0,6.6,811,MBox,24900.0,0.0
Patriots Day,2016,"['Action', 'Crime', 'Drama']",133.0,7.4,76204,LGF,31900000.0,18700000.0
Let's Get Married,2015,"['Comedy', 'Romance']",127.0,5.6,140,CL,463000.0,0.0
Custody,2016,['Drama'],104.0,6.5,891,KL,83900.0,0.0
Klown Forever,2015,"['Comedy', 'Drama']",99.0,6.2,3485,Drft.,5700.0,0.0
The Star,2017,"['Adventure', 'Animation', 'Comedy']",86.0,6.1,5159,Sony,40900000.0,22000000.0
Chi-Raq,2015,"['Comedy', 'Crime', 'Drama']",127.0,5.7,8130,RAtt.,2700000.0,0.0
Can You Ever Forgive Me?,2018,"['Biography', 'Comedy', 'Crime']",106.0,7.2,29473,FoxS,8800000.0,0.0
Limitless,2015,"['Biography', 'Documentary']",3.0,6.7,10,Rela.,79200000.0,82600000.0
The Catcher Was a Spy,2018,"['Biography', 'Drama', 'War']",98.0,6.2,4653,IFC,725000.0,229000.0
The Silence,2015,['Drama'],91.0,7.3,206,MBox,100000.0,132000.0
The Other Side,2015,"['Documentary', 'Drama']",92.0,6.9,903,FM,8100.0,0.0
Kaili Blues,2015,"['Drama', 'Mystery']",113.0,7.3,2038,Ghop,32200.0,0.0
Boruto: Naruto the Movie,2015,"['Action', 'Adventure', 'Animation']",95.0,8.0,7105,Elev.,920000.0,0.0
Ingrid Bergman: In Her Own Words,2015,"['Biography', 'Documentary']",114.0,7.4,1750,Rialto,138000.0,0.0
Like Crazy,2016,"['Comedy', 'Drama']",116.0,7.2,7156,ParV,3400000.0,336000.0
Battle of the Sexes,2017,"['Biography', 'Comedy', 'Drama']",121.0,6.7,43245,FoxS,12600000.0,0.0
Wolves,2016,"['Drama', 'Sport']",109.0,5.6,884,KE,12100.0,0.0
Storks,2016,"['Adventure', 'Animation', 'Comedy']",87.0,6.8,50448,WB,72700000.0,110700000.0
Born in China,2016,['Documentary'],79.0,7.2,3028,BV,13900000.0,11200000.0
The Fate of the Furious,2017,"['Action', 'Crime', 'Thriller']",136.0,6.7,179774,Uni.,226000000.0,1010.0
Spider-Man: Into the Spider-Verse,2018,"['Action', 'Adventure', 'Animation']",117.0,8.5,210869,Sony,190200000.0,185300000.0
Denial,2016,"['Biography', 'Drama']",109.0,6.7,16593,BST,4099999.0,0.0
Almost Christmas,2016,"['Comedy', 'Drama']",111.0,6.1,5212,Uni.,42200000.0,422000.0
Kingsman: The Golden Circle,2017,"['Action', 'Adventure', 'Comedy']",141.0,6.8,230797,Fox,100200000.0,310700000.0
Bad Moms,2016,['Comedy'],100.0,6.2,100952,STX,113300000.0,70700000.0
Buena Vista Social Club: Adios,2017,['Documentary'],110.0,6.9,261,BG,123000.0,578000.0
All Saints,2017,['Drama'],108.0,6.0,1220,Affirm,5800000.0,140000.0
Fifty Shades of Black,2016,['Comedy'],92.0,3.5,17189,ORF,11700000.0,10500000.0
What Our Fathers Did: A Nazi Legacy,2015,"['Documentary', 'History']",96.0,7.0,1054,Osci.,40100.0,0.0
Beirut,2018,"['Drama', 'Thriller']",109.0,6.4,14988,BST,5000000.0,2500000.0
On the Basis of Sex,2018,"['Biography', 'Drama']",120.0,6.9,12083,Focus,24600000.0,13600000.0
Loving,2016,"['Biography', 'Drama', 'Romance']",123.0,7.0,28079,Focus,7800000.0,5200000.0
Walk with Me,2016,"['Drama', 'Romance', 'War']",105.0,6.6,285,Gathr,727000.0,0.0
The Innocents,2015,['Horror'],98.0,5.2,431,MBox,1100000.0,0.0
Colossal,2016,"['Comedy', 'Drama', 'Fantasy']",109.0,6.2,50856,Neon,3000000.0,0.0
Collateral Beauty,2016,"['Drama', 'Romance']",97.0,6.8,78764,WB (NL),31000000.0,57500000.0
Loving Pablo,2017,"['Action', 'Biography', 'Crime']",123.0,6.3,13988,Uni.,22000.0,0.0
Lion,2015,"['Action', 'Drama', 'Romance']",143.0,3.6,282,Wein.,51700000.0,88600000.0
The Death of Stalin,2017,"['Comedy', 'Drama', 'History']",107.0,7.2,63156,IFC,8000000.0,16600000.0
Railroad Tigers,2016,"['Action', 'Comedy', 'War']",124.0,5.9,3208,WGUSA,218000.0,102000000.0
Arabian Nights: Volume 2 - The Desolate One,2015,['Drama'],131.0,7.2,1172,KL,6400.0,0.0
Arabian Nights: Volume 3 - The Enchanted One,2015,['Drama'],125.0,6.5,928,KL,4500.0,0.0
Back to the Jurassic,2015,['Animation'],86.0,5.0,300,CJ,4400.0,0.0
It Comes at Night,2017,"['Horror', 'Mystery']",91.0,6.2,69039,A24,14000000.0,5300000.0
Salut d'Amour,2015,"['Drama', 'Romance']",112.0,7.3,342,CJ,22500.0,0.0
Northern Limit Line,2015,"['Drama', 'War']",130.0,6.6,870,WGUSA,338000.0,0.0
The Sitter,2017,['Horror'],97.0,4.0,250,Fox,30400000.0,4500000.0
Neruda,2016,"['Biography', 'Crime', 'Drama']",107.0,6.9,8062,Orch.,939000.0,0.0
Hunt for the Wilderpeople,2016,"['Adventure', 'Comedy', 'Drama']",101.0,7.9,87532,Orch.,5200000.0,0.0
Believe,2016,['Drama'],119.0,5.0,338,ORF,6200000.0,0.0
Bumblebee,2018,"['Action', 'Adventure', 'Sci-Fi']",114.0,6.9,94155,Par.,127200000.0,340800000.0
Mr. Six,2015,"['Action', 'Drama']",134.0,7.1,2838,CL,1400000.0,137800000.0
Early Man,2018,"['Adventure', 'Animation', 'Comedy']",89.0,6.1,15882,LGF,8300000.0,46400000.0
Personal Shopper,2016,"['Drama', 'Horror', 'Mystery']",105.0,6.1,30636,IFC,1300000.0,0.0
on the way to school,2015,"['Biography', 'Documentary']",37.0,8.9,8,Distrib.,7400.0,0.0
From Afar,2015,"['Drama', 'Romance']",93.0,6.6,3023,Strand,30200.0,0.0
Slack Bay,2016,['Comedy'],122.0,6.0,3585,KL,113000.0,0.0
Book Club,2015,['Documentary'],72.0,6.6,9,Par.,68600000.0,0.0
A Cure for Wellness,2016,"['Drama', 'Fantasy', 'Horror']",146.0,6.4,70941,Fox,8100000.0,18500000.0
The Last King,2016,"['Action', 'Adventure', 'Drama']",99.0,6.1,5633,Magn.,8900.0,0.0
The Call,2014,['Thriller'],109.0,6.6,5,TriS,51900000.0,16700000.0
The Son of Joseph,2016,['Drama'],113.0,6.6,613,KL,30600.0,0.0
Ki & Ka,2016,"['Comedy', 'Romance']",126.0,5.8,4723,Eros,858000.0,0.0
Unfriended: Dark Web,2018,"['Crime', 'Horror', 'Mystery']",92.0,5.9,13822,BH Tilt,8900000.0,6300000.0
Pitch Perfect 3,2017,"['Comedy', 'Music']",93.0,5.8,45127,Uni.,104900000.0,80500000.0
Veteran,2015,"['Action', 'Comedy', 'Crime']",123.0,7.0,4049,CJ,1200000.0,0.0
"Right Now, Wrong Then",2015,['Drama'],121.0,7.2,2921,Ghop,24500.0,0.0
Whisky Galore,2016,"['Comedy', 'Romance']",98.0,5.7,854,Arrow,21000.0,0.0
In This Corner of the World,2016,"['Animation', 'Drama', 'History']",129.0,7.8,6069,FUN,172000.0,0.0
One Week and a Day,2016,"['Comedy', 'Drama']",98.0,6.7,767,Osci.,41600.0,0.0
The Meg,2018,"['Action', 'Horror', 'Sci-Fi']",113.0,5.7,114042,WB,145400000.0,384800000.0
Lights Out,2016,"['Drama', 'Horror', 'Mystery']",81.0,6.3,100650,WB (NL),67300000.0,81600000.0
How to Be a Latin Lover,2017,"['Comedy', 'Drama']",115.0,5.9,11747,PNT,32100000.0,29700000.0
Satanic,2016,['Horror'],85.0,3.7,5381,Magn.,300.0,0.0
Rough Night,2017,"['Comedy', 'Crime', 'Thriller']",101.0,5.2,39447,Sony,22100000.0,25200000.0
Midnight Sun,2018,"['Drama', 'Romance']",91.0,6.6,16220,Global Road,9600000.0,17800000.0
Te3n,2016,"['Drama', 'Mystery', 'Thriller']",136.0,7.2,10027,Rel.,332000.0,0.0
Tomorrow,2014,['Drama'],88.0,5.1,19,UTMW,62500.0,0.0
Go Away Mr. Tumor,2015,"['Comedy', 'Romance']",85.0,6.6,878,CL,287000.0,21500000.0
Only You,2015,"['Comedy', 'Romance']",114.0,5.2,107,CL,61600.0,0.0
Saving Mr. Wu,2015,"['Action', 'Crime', 'Drama']",105.0,6.7,1918,UEP,92700.0,0.0
L.O.R.D: Legend of Ravaging Dynasties,2016,"['Animation', 'Fantasy']",118.0,4.9,811,AR,350000.0,57700000.0
La Boda de Valentina,2018,"['Comedy', 'Romance']",107.0,4.7,523,PNT,2800000.0,0.0
Mother's Day,2016,"['Comedy', 'Drama', 'Romance']",118.0,5.7,28854,ORF,32500000.0,15900000.0
God's Not Dead 2,2016,['Drama'],120.0,4.4,10311,PFR,20800000.0,3700000.0
The Journey,2016,['Drama'],94.0,6.6,1063,IFC,155000.0,0.0
The Sense of an Ending,2017,"['Drama', 'Mystery']",108.0,6.3,5001,CBS,1300000.0,0.0
Sultan,2016,"['Action', 'Drama', 'Sport']",170.0,7.1,33371,Yash,6200000.0,81100000.0
We Are X,2016,"['Documentary', 'Music']",93.0,7.7,773,Drft.,45300.0,0.0
Remember Me,2016,['Comedy'],85.0,5.2,72,Sum.,19100000.0,37000000.0
Good Time,2017,"['Crime', 'Drama', 'Thriller']",101.0,7.3,52305,A24,2000000.0,0.0
Hidden Figures,2016,"['Biography', 'Drama', 'History']",127.0,7.8,171131,Fox,169600000.0,66300000.0
Baahubali 2: The Conclusion,2017,"['Action', 'Drama']",167.0,8.3,65656,GrtIndia,20200000.0,234000000.0
Batman: The Killing Joke,2016,"['Action', 'Animation', 'Crime']",76.0,6.5,42932,Fathom,3800000.0,0.0
Friend Request,2015,['Horror'],106.0,4.9,14,ENTMP,3800000.0,0.0
Baaghi,2016,"['Action', 'Thriller']",133.0,5.2,5826,UTV,438000.0,0.0
The Perfect Match,2016,"['Comedy', 'Romance']",96.0,4.9,3052,LGF,9700000.0,745000.0
The Emoji Movie,2017,"['Adventure', 'Animation', 'Comedy']",86.0,3.2,47294,Sony,86100000.0,131699999.0
Jurassic World: Fallen Kingdom,2018,"['Action', 'Adventure', 'Sci-Fi']",128.0,6.2,219125,Uni.,417700000.0,891800000.0
Fall in Love Like a Star,2015,['Romance'],98.0,5.2,144,CL,213000.0,0.0
Where to Invade Next,2015,"['Comedy', 'Documentary']",120.0,7.5,21497,Drft.,3800000.0,0.0
Anna,2015,['Drama'],110.0,6.3,285,VE,4300.0,0.0
Neon Bull,2015,['Drama'],101.0,6.8,2314,KL,26700.0,0.0
Mountain,2016,['Drama'],105.0,6.2,120,Greenwich,365000.0,0.0
Mission: Impossible - Fallout,2018,"['Action', 'Adventure', 'Thriller']",147.0,7.8,233877,Par.,220200000.0,571000000.0
The Age of Shadows,2016,"['Action', 'Drama', 'Thriller']",140.0,7.1,6514,CJ,542000.0,0.0
Mountain,2015,['Drama'],83.0,6.2,244,Greenwich,365000.0,0.0
"Kiki, Love to Love",2016,"['Comedy', 'Romance']",102.0,6.5,4731,Strand,12500.0,0.0
Lady Bird,2017,"['Comedy', 'Drama']",94.0,7.4,177677,A24,49000000.0,30000000.0
We Are Family,2016,['Comedy'],99.0,6.1,712,UTV,638000.0,393000.0
The Ornithologist,2016,"['Adventure', 'Drama', 'Mystery']",117.0,6.3,2426,Strand,50500.0,0.0
Let Yourself Go,2017,['Comedy'],99.0,6.1,749,Men.,12200.0,0.0
Heart of a Dog,2015,['Documentary'],75.0,7.1,1846,Abr.,421000.0,0.0
The Darkness,2016,['Thriller'],92.0,5.7,196,BH Tilt,10800000.0,0.0
Graduation,2016,"['Crime', 'Drama']",128.0,7.4,10355,IFC,176000.0,0.0
Our Last Tango,2015,"['Documentary', 'Musical']",85.0,7.2,537,Strand,100000.0,0.0
Heneral Luna,2015,"['Action', 'Biography', 'History']",118.0,7.7,1659,Abr.,206000.0,0.0
I'm Not Ashamed,2016,"['Biography', 'Drama']",112.0,5.9,2778,PFR,2100000.0,0.0
Museo,2018,"['Crime', 'Drama']",128.0,7.0,3323,Vita.,149000.0,0.0
Un Padre No Tan Padre,2016,['Comedy'],94.0,6.9,976,PNT,2200000.0,0.0
The Sisters Brothers,2018,"['Adventure', 'Comedy', 'Crime']",122.0,7.0,32135,Annapurna,3100000.0,10000000.0
Split,2016,"['Horror', 'Thriller']",117.0,7.3,358543,Uni.,138300000.0,140200000.0
The Advocate: A Missing Body,2015,"['Crime', 'Mystery']",117.0,6.6,345,CJ,50200.0,0.0
"Lou Andreas-Salomé, The Audacity to be Free",2016,"['Biography', 'Drama', 'Romance']",113.0,6.5,301,CLS,12900.0,0.0
Viceroy's House,2017,"['Biography', 'Drama', 'History']",106.0,6.7,5546,IFC,1100000.0,6700000.0
Marjorie Prime,2017,"['Drama', 'Mystery', 'Romance']",99.0,6.3,4640,FR,181000.0,0.0
Middle School: The Worst Years of My Life,2016,"['Comedy', 'Family']",92.0,6.1,6413,LGF,20000000.0,3300000.0
The Forest,2016,"['Drama', 'Fantasy', 'Horror']",109.0,6.5,222,Focus,26600000.0,11000000.0
The Square,2017,"['Comedy', 'Drama']",151.0,7.2,44239,Magn.,1500000.0,0.0
Mandy,2016,"['Drama', 'Thriller']",113.0,4.1,39,RLJ,1200000.0,0.0
Double Trouble,2016,['Comedy'],90.0,5.4,153,CL,44800.0,0.0
"Everything, Everything",2017,"['Drama', 'Romance']",96.0,6.4,26811,WB,34100000.0,27500000.0
So Young 2: Never Gone,2016,"['Drama', 'Romance']",100.0,5.3,584,CL,96400.0,0.0
Dunkirk,2017,"['Action', 'Drama', 'History']",106.0,7.9,466580,WB,188000000.0,337200000.0
The Last Word,2017,"['Comedy', 'Drama']",108.0,6.6,6255,BST,1800000.0,0.0
"Three Billboards Outside Ebbing, Missouri",2017,"['Crime', 'Drama']",115.0,8.2,344047,FoxS,54500000.0,104700000.0
Mary Poppins Returns,2018,"['Comedy', 'Family', 'Fantasy']",130.0,6.9,52103,BV,172000000.0,177600000.0
Frantz,2016,"['Drama', 'History', 'Romance']",113.0,7.5,10609,MBox,881000.0,0.0
The Phone,2015,"['Action', 'Mystery', 'Thriller']",115.0,6.6,560,CJ,40500.0,0.0
News from Planet Mars,2016,"['Comedy', 'Drama']",101.0,6.2,900,KL,300.0,0.0
The Priests,2015,"['Mystery', 'Thriller']",103.0,6.4,1303,CJ,185000.0,0.0
Get Out,2017,"['Horror', 'Mystery', 'Thriller']",104.0,7.7,400474,Uni.,176000000.0,79400000.0
Sicario: Day of the Soldado,2018,"['Action', 'Crime', 'Drama']",122.0,7.1,95650,Sony,50100000.0,25800000.0
Goodbye Mr. Loser,2015,['Comedy'],104.0,6.7,1777,CL,1300000.0,226800000.0
Kabali,2016,"['Action', 'Crime', 'Drama']",153.0,6.3,10440,CineGalaxy,3900000.0,0.0
Dangal,2016,"['Action', 'Biography', 'Drama']",161.0,8.5,123638,UTV,12400000.0,290500000.0
A Woman's Life,2016,['Drama'],119.0,6.5,806,KL,37600.0,0.0
Cezanne et Moi,2016,"['Biography', 'Drama']",117.0,6.0,774,Magn.,258000.0,0.0
The Favourite,2018,"['Biography', 'Drama', 'History']",119.0,7.6,116011,FoxS,34400000.0,61600000.0
Blade of the Immortal,2017,"['Action', 'Drama', 'Fantasy']",140.0,6.8,12173,Magn.,151000.0,0.0
Just a Breath Away,2018,['Sci-Fi'],89.0,5.9,3501,EOne,78000.0,0.0
A Melody to Remember,2016,"['Action', 'Drama', 'War']",124.0,7.3,94,CJ,44300.0,0.0
Ant-Man and the Wasp,2018,"['Action', 'Adventure', 'Comedy']",118.0,7.1,244024,BV,216600000.0,406000000.0
Dancer,2016,"['Biography', 'Documentary']",85.0,7.9,2231,IFC,71900.0,0.0
Isle of Dogs,2018,"['Adventure', 'Animation', 'Comedy']",101.0,7.9,108245,FoxS,32000000.0,32200000.0
Mother!,2017,"['Drama', 'Horror', 'Mystery']",121.0,6.6,156813,Par.,17800000.0,26700000.0
My Scientology Movie,2015,['Documentary'],99.0,6.7,10884,Magn.,22900.0,0.0
Peter Rabbit,2018,"['Adventure', 'Animation', 'Comedy']",95.0,6.6,27908,Sony,115300000.0,236000000.0
Paul,2016,['Drama'],71.0,4.8,6,Uni.,37400000.0,60600000.0
Annabelle: Creation,2017,"['Horror', 'Mystery', 'Thriller']",109.0,6.5,90402,WB (NL),102100000.0,204400000.0
Eva,2016,"['Drama', 'Romance']",85.0,5.7,28,Wein.,16700.0,0.0
The Lure,2016,['Documentary'],77.0,7.5,31,Jan.,102000.0,0.0
Gold,2017,"['Adventure', 'Drama', 'History']",103.0,5.6,1103,Wein.,7200000.0,7700000.0
In Darkness,2018,"['Mystery', 'Thriller']",100.0,5.8,9625,SPC,1000000.0,4500000.0
"Love, Simon",2018,"['Comedy', 'Drama', 'Romance']",110.0,7.6,81575,Fox,40800000.0,25500000.0
Rustom,2016,"['Crime', 'Drama', 'Thriller']",148.0,7.1,19991,Zee,1100000.0,571000.0
"I, Daniel Blake",2016,['Drama'],100.0,7.9,44200,IFC,260000.0,0.0
Mark Felt: The Man Who Brought Down the White House,2017,"['Biography', 'Drama', 'History']",103.0,6.4,9324,SPC,769000.0,3600000.0
Afterimage,2016,"['Biography', 'Drama', 'History']",98.0,7.1,2012,FM,33400.0,0.0
The Salesman,2016,"['Drama', 'Thriller']",124.0,7.8,41497,Cohen,2400000.0,0.0
Abracadabra,2017,"['Comedy', 'Drama', 'Fantasy']",96.0,6.0,2015,Sony,14000.0,0.0
Wakefield,2016,"['Comedy', 'Drama']",106.0,6.3,13215,IFC,263000.0,0.0
Baar Baar Dekho,2016,"['Comedy', 'Drama', 'Romance']",141.0,5.3,5433,Eros,982000.0,0.0
Wonderstruck,2017,"['Drama', 'Mystery']",116.0,6.2,8167,RAtt.,1100000.0,2200000.0
Oasis: Supersonic,2016,"['Biography', 'Documentary', 'Music']",122.0,7.9,8625,A24,243000.0,0.0
Hotel Transylvania 3: Summer Vacation,2018,"['Adventure', 'Animation', 'Comedy']",97.0,6.3,42299,Sony,167500000.0,361100000.0
Aquarius,2016,['Drama'],146.0,7.5,15251,Vita.,286000.0,0.0
The Other Side of Hope,2017,"['Comedy', 'Drama']",100.0,7.2,9045,Jan.,184000.0,0.0
Tom of Finland,2017,"['Biography', 'Drama']",117.0,6.8,4386,KL,378000.0,0.0
Paterson,2016,"['Comedy', 'Drama', 'Romance']",118.0,7.4,55285,BST,2200000.0,0.0
Back to Burgundy,2017,"['Comedy', 'Drama']",113.0,6.9,3105,MBox,258000.0,11400000.0
One Piece Film: Gold,2016,"['Action', 'Adventure', 'Animation']",120.0,7.3,2931,FUN,424000.0,65800000.0
Monsters,2015,['Horror'],87.0,4.0,6,Magn.,237000.0,4000000.0
Sanam Teri Kasam,2016,"['Drama', 'Musical', 'Romance']",154.0,7.3,8246,Eros,22100.0,0.0
The Last Women Standing,2015,['Romance'],96.0,5.2,255,CL,163000.0,0.0
No manches Frida,2016,['Comedy'],114.0,5.6,1595,PNT,11500000.0,0.0
Sweet 20,2015,"['Comedy', 'Music']",127.0,7.1,331,CJ,71800.0,0.0
Sword Master,2016,"['Action', 'Drama']",108.0,6.1,1805,WGUSA,75500.0,14600000.0
Chappaquiddick,2017,"['Drama', 'History', 'Thriller']",106.0,6.5,9560,ENTMP,17400000.0,591000.0
Journey to the West: The Demons Strike Back,2017,"['Adventure', 'Comedy', 'Fantasy']",109.0,5.4,2340,Sony,880000.0,245700000.0
Author: The JT LeRoy Story,2016,"['Biography', 'Documentary']",110.0,7.1,978,Magn.,86000.0,0.0
Tickled,2016,"['Documentary', 'Mystery']",92.0,7.6,13829,Magn.,614000.0,0.0
Weiner,2016,['Documentary'],96.0,7.6,9030,IFC,1700000.0,0.0
The Lure,2015,"['Comedy', 'Drama', 'Fantasy']",92.0,6.4,5018,Jan.,102000.0,0.0
Heartbeats,2017,"['Comedy', 'Drama', 'Music']",107.0,5.4,565,IFC,68700.0,520000.0
The Duelist,2016,"['Action', 'Drama', 'Thriller']",109.0,6.4,2487,Sony,13500.0,6100000.0
Neerja,2016,"['Biography', 'Drama', 'Thriller']",122.0,7.7,18420,FIP,1600000.0,16000000.0
All the Money in the World,2017,"['Biography', 'Crime', 'Drama']",132.0,6.8,60303,TriS,25100000.0,31900000.0
After the Storm,2016,"['Comedy', 'Drama']",118.0,7.4,7268,FM,272000.0,0.0
Happy End,2017,['Drama'],107.0,6.7,10261,SPC,302000.0,0.0
Happy Death Day,2017,"['Horror', 'Mystery', 'Thriller']",96.0,6.5,87132,Uni.,55700000.0,69800000.0
Saala Khadoos,2016,"['Action', 'Drama', 'Sport']",109.0,7.6,10178,UTV,76900.0,0.0
Your Name.,2016,"['Animation', 'Drama', 'Fantasy']",106.0,8.4,134084,FUN,5000000.0,353000000.0
Never Look Away,2018,"['Drama', 'History', 'Romance']",189.0,7.7,4758,SPC,1300000.0,0.0
Busco novio para mi mujer,2016,['Comedy'],92.0,5.5,383,PNT,1700000.0,0.0
Wish Upon,2017,"['Drama', 'Fantasy', 'Horror']",90.0,5.0,14962,BG,14300000.0,0.0
A Silent Voice,2016,"['Animation', 'Drama', 'Romance']",130.0,8.2,24863,Elev.,310000.0,0.0
Nerve,2015,"['Documentary', 'History']",62.0,6.2,6,LGF,38600000.0,46700000.0
Boo! A Madea Halloween,2016,"['Comedy', 'Drama', 'Horror']",103.0,4.6,6867,LGF,73200000.0,1600000.0
The Other Side,2018,"['Comedy', 'Drama', 'Romance']",138.0,5.6,87,FM,8100.0,0.0
Lean on Pete,2017,"['Adventure', 'Drama']",121.0,7.2,8607,A24,1200000.0,0.0
The Midwife,2017,['Drama'],117.0,6.7,1844,MBox,604000.0,0.0
Like for Likes,2016,"['Comedy', 'Romance']",120.0,6.0,463,CJ,50800.0,0.0
The Hurricane Heist,2018,"['Action', 'Adventure', 'Crime']",103.0,5.1,15326,ENTMP,6100000.0,0.0
Wind River,2017,"['Crime', 'Drama', 'Mystery']",107.0,7.7,169007,Wein.,33800000.0,0.0
Detroit,2017,"['Crime', 'Drama', 'History']",143.0,7.4,40309,Annapurna,16800000.0,0.0
Colette,2018,"['Biography', 'Drama', 'History']",111.0,6.8,12143,BST,5100000.0,0.0
Mama,2016,['Drama'],90.0,6.7,25,Uni.,71600000.0,74800000.0
Logan Lucky,2017,"['Comedy', 'Crime', 'Drama']",118.0,7.0,105966,BST,27800000.0,20700000.0
Don't Call Me Son,2016,['Drama'],82.0,6.8,1102,Zeit.,11700.0,0.0
Judwaa 2,2017,"['Action', 'Comedy']",145.0,3.9,7136,FIP,1400000.0,25500000.0
Bodyguard,2016,"['Action', 'Drama', 'Thriller']",105.0,6.2,2427,Relbig.,1800000.0,0.0
The Big Sick,2017,"['Comedy', 'Drama', 'Romance']",120.0,7.6,104008,LGF,42900000.0,13500000.0
Deadpool 2,2018,"['Action', 'Adventure', 'Comedy']",119.0,7.8,391735,Fox,318500000.0,460500000.0
Naam Hai Akira,2016,"['Action', 'Thriller']",137.0,5.9,3455,FIP,219000.0,3500000.0
7 Days in Entebbe,2018,"['Action', 'Drama', 'History']",107.0,5.8,10441,Focus,3300000.0,5400000.0
Hysteria,2016,"['Drama', 'Thriller']",81.0,7.4,18,SPC,1800000.0,7700000.0
Magnus,2016,['Documentary'],78.0,7.1,1533,FR,8900.0,0.0
Manmarziyaan,2018,['Romance'],156.0,6.9,5061,Eros,567000.0,0.0
Black Butler: Book of the Atlantic,2017,['Animation'],101.0,7.7,621,FUN,248000.0,0.0
Hostiles,2017,"['Adventure', 'Drama', 'Western']",134.0,7.2,53286,ENTMP,29800000.0,0.0
Loving,2017,"['Drama', 'Romance']",105.0,5.3,2530,Focus,7800000.0,5200000.0
League of Gods,2016,"['Action', 'Fantasy']",109.0,4.6,1807,Sony,182000.0,0.0
Split,2016,['Drama'],80.0,7.0,21,Uni.,138300000.0,140200000.0
Phillauri,2017,"['Comedy', 'Drama', 'Fantasy']",138.0,6.1,3090,FIP,468000.0,5000000.0
Spirits' Homecoming,2016,['Drama'],127.0,6.3,412,PM&E,126000.0,0.0
6 Below: Miracle on the Mountain,2017,"['Adventure', 'Biography', 'Drama']",98.0,5.7,4931,MOM,14800.0,1100000.0
The New Year's Eve of Old Lee,2016,['Drama'],106.0,4.6,36,CL,25400.0,0.0
Ghost Stories,2017,"['Drama', 'Horror']",98.0,6.4,23557,IFC,149000.0,0.0
The First Monday in May,2016,['Documentary'],90.0,7.2,1254,Magn.,527000.0,0.0
The Nutcracker and the Four Realms,2018,"['Adventure', 'Family', 'Fantasy']",99.0,5.5,18734,BV,54900000.0,119100000.0
Everybody Loves Somebody,2017,"['Comedy', 'Romance']",102.0,6.5,3468,PNT,1900000.0,0.0
The Nile Hilton Incident,2017,"['Crime', 'Drama', 'Thriller']",111.0,6.8,5687,Strand,81100.0,0.0
Sword Art Online: The Movie - Ordinal Scale,2017,"['Action', 'Adventure', 'Animation']",119.0,7.4,4477,Elev.,1500000.0,19200000.0
Take Me Home,2016,['Horror'],94.0,5.6,260,Mont.,15800.0,0.0
Wetlands,2017,"['Crime', 'Drama', 'Thriller']",98.0,4.2,253,Strand,59500.0,10500000.0
Remember You,2016,"['Drama', 'Mystery', 'Romance']",106.0,6.7,335,CJ,14800.0,0.0
"I, Tonya",2017,"['Biography', 'Comedy', 'Drama']",120.0,7.5,141668,Neon,30000000.0,23900000.0
The Hate U Give,2018,"['Crime', 'Drama']",133.0,7.3,17583,Fox,29700000.0,5200000.0
The Shape of Water,2017,"['Adventure', 'Drama', 'Fantasy']",123.0,7.3,308112,FoxS,63900000.0,131400000.0
Tehran Taboo,2017,"['Animation', 'Drama']",96.0,7.0,2429,KL,74800.0,0.0
Kaptaan,2016,"['Comedy', 'Drama', 'Family']",142.0,6.5,174,UTV,204000.0,0.0
Time Renegades,2016,"['Fantasy', 'Romance', 'Thriller']",107.0,6.9,758,CJ,59400.0,0.0
Faces Places,2017,['Documentary'],94.0,7.9,8261,Cohen,954000.0,0.0
Confidential Assignment,2017,['Action'],125.0,6.5,1828,CJ,476000.0,55500000.0
Joker,2016,"['Comedy', 'Drama']",130.0,8.5,2451,UTV,169000.0,0.0
A Gentleman,2017,"['Action', 'Comedy']",145.0,6.3,4188,FIP,410000.0,2500000.0
Life of the Party,2018,['Comedy'],105.0,5.5,25756,WB (NL),53100000.0,12800000.0
Beast,2017,"['Crime', 'Drama', 'Mystery']",107.0,6.8,7174,RAtt.,800000.0,0.0
God's Own Country,2017,"['Drama', 'Romance']",104.0,7.7,17934,Orion,336000.0,0.0
A Fantastic Woman,2017,['Drama'],104.0,7.2,18282,SPC,2000000.0,0.0
Phantom of the Theatre,2016,"['Fantasy', 'Horror', 'Mystery']",103.0,5.3,316,WGUSA,44000.0,0.0
Phantom Detective,2016,"['Action', 'Drama', 'Mystery']",125.0,6.4,681,CJ,67100.0,0.0
On the Road,2016,['Drama'],121.0,5.7,127,IFC,744000.0,8000000.0
The Florida Project,2017,['Drama'],111.0,7.6,72193,A24,5900000.0,0.0
Sleepless,2015,['Drama'],120.0,8.4,30,ORF,20800000.0,12100000.0
Goosebumps 2: Haunted Halloween,2018,"['Adventure', 'Comedy', 'Family']",90.0,5.6,11459,Sony,46700000.0,46600000.0
The Charmer,2017,"['Drama', 'Romance', 'Thriller']",100.0,6.7,554,FM,26200.0,0.0
Traffik,2018,"['Action', 'Crime', 'Drama']",96.0,6.0,16662,LGF,9200000.0,336000.0
Youth,2016,['Drama'],124.0,7.3,11,FoxS,2700000.0,0.0
Ismael's Ghosts,2017,"['Drama', 'Romance', 'Thriller']",114.0,5.6,1786,Magn.,103000.0,0.0
Godard Mon Amour,2017,"['Biography', 'Comedy', 'Drama']",107.0,6.6,3537,Cohen,82300.0,0.0
Slender Man,2018,"['Horror', 'Mystery', 'Thriller']",93.0,3.2,19650,SGem,30600000.0,21200000.0
Show Dogs,2018,"['Adventure', 'Comedy', 'Family']",92.0,3.7,3458,Global Road,17900000.0,21300000.0
The Girl Without Hands,2016,['Animation'],76.0,7.0,842,GK,21800.0,0.0
Train to Busan,2016,"['Action', 'Horror', 'Thriller']",118.0,7.5,109448,WGUSA,2100000.0,85400000.0
Film Stars Don't Die in Liverpool,2017,"['Biography', 'Drama', 'Romance']",105.0,6.7,6688,SPC,1000000.0,0.0
The Son of Bigfoot,2017,"['Adventure', 'Animation', 'Comedy']",92.0,6.1,4182,VPD,289000.0,46800000.0
An Actor Prepares,2018,['Comedy'],97.0,5.0,388,Grav.,1700.0,0.0
Home Again,2017,"['Comedy', 'Drama', 'Romance']",97.0,5.8,22614,ORF,27000000.0,0.0
Just Getting Started,2017,"['Action', 'Comedy']",91.0,4.4,4829,BG,6100000.0,1600000.0
Insidious: The Last Key,2018,"['Horror', 'Mystery', 'Thriller']",103.0,5.7,42154,Uni.,67700000.0,100100000.0
Call Me by Your Name,2017,"['Drama', 'Romance']",132.0,7.9,153936,SPC,18100000.0,23800000.0
Borg vs. McEnroe,2017,"['Biography', 'Drama', 'Sport']",107.0,7.0,20994,Neon,231000.0,0.0
Seondal: The Man Who Sells the River,2016,"['Adventure', 'Comedy', 'History']",120.0,6.7,402,CJ,97500.0,0.0
Memoir of a Murderer,2017,"['Action', 'Crime', 'Thriller']",118.0,7.0,3669,WGUSA,91300.0,0.0
The Possession of Hannah Grace,2018,"['Horror', 'Mystery', 'Thriller']",86.0,5.2,11629,SGem,14800000.0,28200000.0
Rio,2017,['Drama'],87.0,2.6,7,Fox,143600000.0,341000000.0
Master,2016,"['Action', 'Crime']",143.0,6.6,1519,CJ,597000.0,51000000.0
Stronger,2017,['Drama'],125.0,6.8,22,RAtt.,4200000.0,4200000.0
You Were Never Really Here,2017,"['Crime', 'Drama', 'Mystery']",89.0,6.8,71460,Amazon,2500000.0,0.0
Chef,2017,"['Comedy', 'Drama', 'Family']",133.0,5.7,1687,ORF,31400000.0,14500000.0
Serena,2016,"['Biography', 'Documentary', 'Sport']",95.0,6.7,193,Magn.,176000.0,4900000.0
Skyscraper,2018,"['Action', 'Adventure', 'Thriller']",102.0,5.8,81193,Uni.,68400000.0,236400000.0
OK Jaanu,2017,"['Drama', 'Romance']",135.0,5.2,3240,FIP,356000.0,5000000.0
Rodin,2017,"['Biography', 'Drama', 'Romance']",119.0,4.8,929,Cohen,44300.0,0.0
Phantom Thread,2017,"['Drama', 'Romance']",130.0,7.5,86061,Focus,21200000.0,26600000.0
The Hunt,2016,['Thriller'],93.0,5.2,87,Magn.,613000.0,0.0
Dancer,2016,['Action'],55.0,8.6,11,IFC,71900.0,0.0
Antonio Lopez 1970: Sex Fashion & Disco,2017,"['Biography', 'Documentary']",95.0,6.5,102,FM,43200.0,30000.0
Melancholia,2017,"['Drama', 'Mystery', 'Romance']",75.0,3.3,26,Magn.,3000000.0,12900000.0
I Am Not Your Negro,2016,['Documentary'],93.0,7.8,13948,Magn.,7100000.0,0.0
The Nun,2018,"['Horror', 'Mystery', 'Thriller']",96.0,5.4,89254,WB (NL),117500000.0,248100000.0
Gentleman,2016,"['Mystery', 'Romance', 'Thriller']",144.0,7.1,1197,Gaatri,898000.0,0.0
Wonder Wheel,2017,['Drama'],101.0,6.2,19782,Amazon,1400000.0,14500000.0
Hotel Artemis,2018,"['Action', 'Drama', 'Sci-Fi']",94.0,6.1,30586,Global Road,6700000.0,6000000.0
The Descendants,2015,['Drama'],80.0,7.5,12,FoxS,82600000.0,94700000.0
Ralph Breaks the Internet,2018,"['Adventure', 'Animation', 'Comedy']",112.0,7.1,85694,BV,201100000.0,328100000.0
The Housemaid,2016,"['Horror', 'Romance']",105.0,5.8,539,IFC,158000.0,14600000.0
For a Few Bullets,2016,"['Action', 'Comedy']",115.0,5.4,140,CL,30100.0,0.0
Tubelight,2017,"['Drama', 'War']",136.0,4.1,12473,Yash,930000.0,0.0
Brad's Status,2017,"['Comedy', 'Drama', 'Music']",102.0,6.5,13259,Annapurna,2100000.0,1700000.0
Marrowbone,2017,"['Drama', 'Horror', 'Thriller']",110.0,6.6,16579,Magn.,1400.0,12300000.0
Another Year,2016,['Documentary'],181.0,7.2,40,SPC,3200000.0,16500000.0
Denial,2016,['Documentary'],93.0,7.4,25,BST,4099999.0,0.0
Slender Man,2013,"['Adventure', 'Comedy', 'Horror']",52.0,5.9,32,SGem,30600000.0,21200000.0
Summer 1993,2017,"['Drama', 'Family']",97.0,7.2,4681,Osci.,186000.0,0.0
Tunnel,2016,"['Action', 'Drama']",126.0,6.9,5516,WGUSA,569000.0,0.0
Asura: The City of Madness,2016,"['Action', 'Crime']",136.0,6.6,1787,CJ,176000.0,0.0
I Am Not Madame Bovary,2016,"['Comedy', 'Drama']",128.0,6.9,1755,WGUSA,437000.0,70400000.0
Heroine,2016,"['Comedy', 'Drama']",87.0,6.0,10,UTV,599000.0,7400000.0
Marlina the Murderer in Four Acts,2017,"['Drama', 'Thriller']",93.0,7.0,1724,Icar.,17800.0,0.0
Beatriz at Dinner,2017,"['Comedy', 'Drama']",82.0,6.1,7985,RAtt.,7100000.0,310000.0
Wildlife,2018,['Drama'],105.0,6.9,14146,IFC,1100000.0,2000000.0
Padmaavat,2018,"['Drama', 'History', 'Romance']",164.0,7.0,23376,VPD,11800000.0,11100000.0
Abduction,2017,"['Action', 'Comedy', 'Drama']",90.0,3.0,60,LGF,28100000.0,54000000.0
Truth or Dare,2016,"['Drama', 'Romance']",90.0,6.8,12,Uni.,41400000.0,53900000.0
Dear Zindagi,2016,"['Drama', 'Romance']",151.0,7.6,31809,Relbig.,2400000.0,0.0
The Last Princess,2016,"['Action', 'Biography', 'Drama']",127.0,6.8,1058,CJ,29300.0,0.0
Tiger Zinda Hai,2017,"['Action', 'Adventure', 'Thriller']",161.0,6.1,18928,Yash,5600000.0,81800000.0
The Battleship Island,2017,"['Action', 'Drama', 'History']",132.0,7.1,4542,CJ,1100000.0,45000000.0
In Between,2016,['Drama'],103.0,7.3,2009,FM,108000.0,0.0
Jolly LLB 2,2017,"['Comedy', 'Drama']",137.0,7.3,18968,FIP,1700000.0,21300000.0
The Wedding Plan,2016,"['Comedy', 'Romance']",110.0,6.5,1004,RAtt.,1400000.0,0.0
The Last Suit,2017,['Drama'],91.0,7.1,409,OutF,73500.0,0.0
Before We Vanish,2017,"['Drama', 'Sci-Fi']",129.0,5.9,1154,Super,52100.0,0.0
"Roman J. Israel, Esq.",2017,"['Crime', 'Drama', 'Thriller']",122.0,6.4,23632,Sony,12000000.0,1100000.0
Custody,2017,['Drama'],93.0,7.5,6089,KL,83900.0,0.0
Diary of a Wimpy Kid: The Long Haul,2017,"['Comedy', 'Family']",91.0,4.4,5635,Fox,20700000.0,19400000.0
The Night Before,2017,['Horror'],81.0,4.7,150,Sony,43000000.0,9300000.0
Warriors of the Dawn,2017,"['Adventure', 'Drama', 'History']",130.0,5.4,245,FIP,84500.0,0.0
Kin,2018,"['Action', 'Drama', 'Sci-Fi']",102.0,5.7,9048,LGF,5700000.0,4300000.0
Last Flag Flying,2017,"['Comedy', 'Drama', 'War']",125.0,6.9,18927,LGF,965000.0,904000.0
The Children Act,2017,['Drama'],105.0,6.7,7289,A24,548000.0,17000000.0
Operation Mekong,2016,"['Action', 'Adventure', 'Crime']",124.0,6.6,3352,WGUSA,800000.0,172300000.0
Madame,2017,"['Comedy', 'Drama', 'Romance']",91.0,6.1,4797,Blue Fox,91000.0,5300000.0
The Wall,2016,['Drama'],73.0,6.7,12,RAtt.,1800000.0,2700000.0
Cock and Bull,2016,['Crime'],110.0,6.8,530,CL,82800.0,0.0
The Escape,2017,['Drama'],101.0,5.9,1290,IFC,14000.0,0.0
Limitless,2017,['Documentary'],57.0,3.9,8,Rela.,79200000.0,82600000.0
Letters from Baghdad,2016,['Documentary'],95.0,6.8,280,Vita.,360000.0,143000.0
Knock Knock,2017,['Horror'],55.0,6.0,10,LGP,36300.0,0.0
Disobedience,2017,"['Drama', 'Romance']",114.0,6.6,18531,BST,3500000.0,4400000.0
The Case for Christ,2017,"['Biography', 'Drama']",112.0,6.2,6495,PFR,14700000.0,3000000.0
Munna Michael,2017,"['Action', 'Drama', 'Music']",140.0,3.4,2295,Eros,99600.0,0.0
Anna,2016,['Biography'],142.0,5.0,37,VE,4300.0,0.0
The First Purge,2018,"['Action', 'Horror', 'Sci-Fi']",98.0,5.1,41741,Uni.,69500000.0,67500000.0
BPM (Beats Per Minute),2017,['Drama'],143.0,7.5,10507,Orch.,125000.0,0.0
Lucy,2016,['Documentary'],40.0,7.0,6,Uni.,126700000.0,336700000.0
Split,2016,"['Action', 'Drama', 'Sport']",123.0,5.4,189,Uni.,138300000.0,140200000.0
The Mayor,2016,['Drama'],130.0,6.3,312,WGUSA,96800.0,0.0
Buddies in India,2017,"['Action', 'Comedy']",99.0,3.7,221,CL,293000.0,109300000.0
Mr. Donkey,2016,['Comedy'],113.0,7.5,1051,CL,356000.0,0.0
One Day,2016,"['Drama', 'Romance']",135.0,7.8,1454,Focus,13800000.0,45500000.0
The Runaways,2019,['Adventure'],108.0,9.2,47,App.,3600000.0,1100000.0
Monster Hunt 2,2018,"['Adventure', 'Comedy', 'Sci-Fi']",110.0,5.3,991,LGF,706000.0,361000000.0
Gold,2018,"['Drama', 'History', 'Sport']",151.0,7.4,9361,Wein.,7200000.0,7700000.0
Luck-Key,2016,"['Action', 'Comedy', 'Crime']",112.0,6.9,1311,JBG,467000.0,47700000.0
Joy,2016,['Drama'],80.0,7.1,34,Fox,56500000.0,44700000.0
Smallfoot,2018,"['Adventure', 'Animation', 'Comedy']",96.0,6.7,23295,WB,83200000.0,130900000.0
The Treasure,2017,"['Action', 'Adventure', 'Drama']",157.0,7.1,753,SDS,50200.0,0.0
Mountain,2017,['Documentary'],74.0,7.2,2529,Greenwich,365000.0,0.0
The Tree,2017,"['Drama', 'Family']",95.0,6.7,45,Zeit.,71200.0,2100000.0
"No Date, No Signature",2017,"['Drama', 'Mystery', 'Thriller']",104.0,7.2,1687,Distrib.,36400.0,0.0
I Am Not a Witch,2017,['Drama'],93.0,6.9,2062,FM,50900.0,0.0
The Guardians,2017,"['Drama', 'War']",138.0,6.8,1314,MBox,177000.0,0.0
The Journey,2017,"['Drama', 'Thriller']",82.0,6.3,124,IFC,155000.0,0.0
One Day,2017,"['Drama', 'Fantasy']",118.0,6.6,269,Focus,13800000.0,45500000.0
The Way,2016,['Documentary'],85.0,9.0,9,PDA,4400000.0,0.0
The Rider,2017,"['Drama', 'Western']",104.0,7.5,9811,SPC,2400000.0,0.0
Under the Tree,2017,"['Comedy', 'Drama', 'Mystery']",89.0,6.9,2486,Magn.,67600.0,0.0
The Man Who Invented Christmas,2017,"['Biography', 'Comedy', 'Drama']",104.0,7.0,9430,BST,5700000.0,0.0
Earth: One Amazing Day,2017,"['Documentary', 'Family']",95.0,7.8,1908,BBC,81300.0,11600000.0
The Judge,2017,['Documentary'],76.0,7.3,84,WB,47100000.0,37300000.0
The Miseducation of Cameron Post,2018,['Drama'],91.0,6.6,13017,FR,905000.0,0.0
A Ghost Story,2017,"['Drama', 'Fantasy', 'Romance']",92.0,6.8,46280,A24,1600000.0,0.0
Vice,2018,"['Biography', 'Comedy', 'Drama']",132.0,7.2,72855,Annapurna,47800000.0,28200000.0
The Void,2016,['Horror'],86.0,4.0,136,Scre.,151000.0,0.0
Oro,2016,"['Crime', 'Drama', 'Thriller']",110.0,6.1,113,Sony,5500.0,0.0
Mubarakan,2017,"['Comedy', 'Romance']",156.0,5.6,2989,Sony,759000.0,12100000.0
Vanishing Time: A Boy Who Returned,2016,['Fantasy'],130.0,7.3,1102,Dreamwest,57800.0,0.0
Badrinath Ki Dulhania,2017,"['Comedy', 'Drama', 'Romance']",139.0,6.2,8584,FIP,2000000.0,23200000.0
Patti Cake$,2017,"['Drama', 'Music']",109.0,6.7,8581,FoxS,800000.0,682000.0
The Post,2017,"['Biography', 'Drama', 'History']",116.0,7.2,108017,Fox,81900000.0,97900000.0
Thelma,2017,"['Drama', 'Fantasy', 'Horror']",116.0,7.0,20828,Orch.,147000.0,0.0
Adrift,2018,"['Action', 'Adventure', 'Biography']",96.0,6.6,34115,STX,31400000.0,28500000.0
An Inconvenient Sequel: Truth to Power,2017,['Documentary'],98.0,6.3,6752,Par.,3500000.0,1900000.0
Gauguin: Voyage to Tahiti,2017,"['Biography', 'Drama', 'Romance']",102.0,5.9,1182,Cohen,200000.0,3100000.0
City of Ghosts,2017,"['Documentary', 'War']",92.0,7.4,2925,IFC,128000.0,100000.0
Mary and the Witch's Flower,2017,"['Adventure', 'Animation', 'Family']",103.0,6.8,8594,GK,2400000.0,0.0
Oh Lucy!,2017,"['Comedy', 'Drama']",95.0,6.8,2229,FM,375000.0,0.0
Creed II,2018,"['Drama', 'Sport']",130.0,7.2,72503,MGM,115700000.0,98300000.0
A Quiet Place,2016,['Documentary'],80.0,6.6,18,Par.,188000000.0,152900000.0
Poster Boys,2017,['Comedy'],128.0,5.6,1234,Sony,97000.0,2400000.0
A Bad Moms Christmas,2017,"['Adventure', 'Comedy']",104.0,5.5,33056,STX,72100000.0,58400000.0
Double Lover,2017,"['Drama', 'Romance', 'Thriller']",107.0,6.2,8160,Cohen,168000.0,0.0
Bending the Arc,2017,['Documentary'],102.0,8.1,93,Abr.,21900.0,0.0
My Annoying Brother,2016,"['Comedy', 'Drama']",110.0,7.3,1576,CJ,52000.0,0.0
Fabricated City,2017,"['Action', 'Crime']",126.0,6.9,3034,CJ,105000.0,0.0
The Third Murder,2017,"['Crime', 'Drama', 'Mystery']",124.0,6.7,3895,FM,89300.0,0.0
Barbara,2017,"['Biography', 'Drama', 'Music']",98.0,6.1,829,AF,1000000.0,3100000.0
Eva,2018,"['Drama', 'Romance']",100.0,4.6,643,Wein.,16700.0,0.0
Proud Mary,2018,"['Action', 'Crime', 'Drama']",89.0,4.9,6805,SGem,20900000.0,876000.0
Anna,2017,['Horror'],97.0,2.4,341,VE,4300.0,0.0
Becoming Astrid,2018,"['Biography', 'Drama']",123.0,7.2,2497,MBox,120000.0,0.0
The Workshop,2017,"['Drama', 'Mystery', 'Thriller']",113.0,6.6,1379,Strand,22100.0,0.0
Sanju,2018,"['Biography', 'Drama']",155.0,7.9,40473,FIP,7900000.0,63600000.0
Duckweed,2017,"['Comedy', 'Drama', 'Fantasy']",102.0,6.5,1010,CL,472000.0,150600000.0
Beast,2018,"['Drama', 'Mystery']",60.0,5.7,13,RAtt.,800000.0,0.0
The Monkey King 3,2018,"['Action', 'Adventure', 'Fantasy']",114.0,5.5,973,WGUSA,187000.0,114900000.0
Mazinger Z: Infinity,2017,"['Action', 'Animation', 'Sci-Fi']",95.0,6.0,1493,Fathom,221000.0,0.0
Golden Slumber,2018,"['Action', 'Thriller']",108.0,5.9,384,CJ,94500.0,10600000.0
Upgrade,2018,"['Action', 'Sci-Fi', 'Thriller']",100.0,7.6,104978,BH Tilt,12000000.0,2400000.0
The Quake,2018,"['Action', 'Drama', 'Thriller']",106.0,6.2,5270,Magn.,6200.0,0.0
The Apparition,2018,['Drama'],144.0,6.4,873,WB,4900000.0,4700000.0
Monster Family,2017,"['Animation', 'Comedy', 'Family']",93.0,4.8,3185,VPD,127000.0,26300000.0
Human Flow,2017,['Documentary'],140.0,6.9,1980,Magn.,528000.0,1300000.0
Ryuichi Sakamoto: Coda,2017,"['Documentary', 'Music']",100.0,7.7,742,MUBI,117000.0,0.0
102 Not Out,2018,"['Comedy', 'Drama']",102.0,7.5,4802,Sony,1300000.0,10900000.0
The Prison,2017,"['Action', 'Crime']",125.0,6.6,1237,WGUSA,207000.0,0.0
A Paris Education,2018,['Drama'],137.0,6.3,371,KL,21600.0,0.0
Bluebeard,2017,['Thriller'],117.0,6.4,1269,Strand,33500.0,5200.0
Bluebeard,2017,['Thriller'],117.0,6.4,1269,WGUSA,43100.0,0.0
Bad Times at the El Royale,2018,"['Crime', 'Drama', 'Mystery']",141.0,7.1,86318,Fox,17800000.0,14000000.0
A Quiet Place,2018,"['Drama', 'Horror', 'Sci-Fi']",90.0,7.6,305031,Par.,188000000.0,152900000.0
Goodbye Mr. Loser,2017,['Comedy'],105.0,7.2,14,CL,1300000.0,226800000.0
Youth,2017,"['Drama', 'Romance', 'War']",135.0,7.1,2221,FoxS,2700000.0,0.0
What They Had,2018,['Drama'],101.0,6.7,2048,BST,260000.0,0.0
The Spy Who Dumped Me,2018,"['Action', 'Adventure', 'Comedy']",117.0,6.0,47869,LGF,33600000.0,41800000.0
Extraordinary Mission,2017,"['Action', 'Crime']",117.0,6.2,577,Crimson,54200.0,0.0
The Tribe,2018,['Comedy'],90.0,5.8,1496,Drft.,151000.0,0.0
Double Trouble,2017,"['Adventure', 'Family']",85.0,4.6,68,CL,44800.0,0.0
Bombshell: The Hedy Lamarr Story,2017,"['Biography', 'Documentary', 'History']",88.0,7.4,2422,Zeit.,820000.0,0.0
The Captain,2017,"['Drama', 'History', 'War']",118.0,7.4,7279,MBox,109000.0,0.0
Foxtrot,2017,['Mystery'],113.0,6.0,9,SPC,619000.0,0.0
Time Freak,2018,"['Comedy', 'Drama', 'Romance']",104.0,5.7,3455,Grindstone,10000.0,256000.0
Truth or Dare,2018,"['Horror', 'Thriller']",100.0,5.2,33621,Uni.,41400000.0,53900000.0
Beauty and the Dogs,2017,"['Crime', 'Drama', 'Thriller']",100.0,7.0,1016,Osci.,8900.0,0.0
The Villainess,2017,"['Action', 'Drama']",129.0,6.7,9231,WGUSA,27700.0,0.0
I Feel Pretty,2018,"['Comedy', 'Romance']",110.0,5.4,39936,STX,48800000.0,45700000.0
The 15:17 to Paris,2018,"['Biography', 'Drama', 'Thriller']",94.0,5.2,21880,WB,36300000.0,20800000.0
A Ciambra,2017,"['Crime', 'Drama']",118.0,6.9,1635,IFC,41900.0,0.0
Gabriel and the Mountain,2017,['Drama'],131.0,7.0,775,Strand,18400.0,0.0
The King's Case Note,2017,"['Comedy', 'Mystery']",114.0,6.5,188,CJ,91000.0,0.0
Baaghi 2,2018,"['Action', 'Thriller']",137.0,5.0,7344,FIP,1300000.0,29900000.0
Peppermint,2018,"['Action', 'Crime', 'Drama']",101.0,6.5,35854,STX,35400000.0,18400000.0
Book Club,2018,"['Comedy', 'Drama', 'Romance']",104.0,6.1,18728,Par.,68600000.0,0.0
A Taxi Driver,2017,"['Action', 'Drama', 'History']",137.0,7.8,9301,WGUSA,1500000.0,80100000.0
Operation Red Sea,2018,"['Action', 'Drama', 'Thriller']",142.0,6.7,4624,WGUSA,1500000.0,577700000.0
Foxtrot,2017,['Drama'],113.0,7.4,4910,SPC,619000.0,0.0
Mirai,2018,"['Adventure', 'Animation', 'Drama']",98.0,7.1,6696,GK,813000.0,0.0
The Guardians,2017,"['Action', 'Adventure', 'Comedy']",46.0,4.1,7,MBox,177000.0,0.0
The Negotiation,2018,"['Action', 'Crime', 'Thriller']",114.0,6.5,926,CJ,111000.0,0.0
Mamma Mia! Here We Go Again,2018,"['Comedy', 'Musical', 'Romance']",114.0,6.7,60355,Uni.,120600000.0,274400000.0
Johnny English Strikes Again,2018,"['Action', 'Adventure', 'Comedy']",89.0,6.2,46932,Uni.,4400000.0,154500000.0
Little Italy,2018,"['Comedy', 'Romance']",102.0,5.7,6033,EOne,990000.0,0.0
Do You Believe?,2017,"['Fantasy', 'Horror']",71.0,3.8,37,PFR,13000000.0,1400000.0
Green Book,2018,"['Biography', 'Comedy', 'Drama']",130.0,8.3,204972,Uni.,85100000.0,234700000.0
Shubh Mangal Saavdhan,2017,"['Comedy', 'Romance']",119.0,6.9,6232,Eros,690000.0,0.0
Keys to the Heart,2018,"['Comedy', 'Drama', 'Family']",120.0,7.4,497,CJ,75100.0,0.0
Mandy,2018,"['Action', 'Fantasy', 'Horror']",121.0,6.6,44378,RLJ,1200000.0,0.0
Chronic,2017,['Drama'],89.0,6.0,9,MR,9000.0,0.0
Coco,2017,['Horror'],98.0,7.4,35,BV,209700000.0,597400000.0
Boy Erased,2018,"['Biography', 'Drama']",115.0,7.0,18768,Focus,6800000.0,5000000.0
The Accidental Detective 2: In Action,2018,"['Comedy', 'Crime', 'Thriller']",116.0,6.5,297,CJ,179000.0,0.0
First Man,2017,['Documentary'],92.0,6.6,186,Uni.,44900000.0,60800000.0
Kedarnath,2018,"['Drama', 'Romance']",116.0,6.0,4189,PackYourBag,901000.0,0.0
Twelve,2019,"['Family', 'Sport']",92.0,6.5,132,Hann.,184000.0,2400000.0
Our President,2017,['Documentary'],119.0,5.3,82,CJ,507000.0,0.0
A Simple Favor,2018,"['Comedy', 'Crime', 'Drama']",117.0,6.9,83338,LGF,53500000.0,44100000.0
The Insult,2017,"['Crime', 'Drama', 'Thriller']",113.0,7.7,11168,Cohen,1000000.0,0.0
Return of the Hero,2018,"['Comedy', 'History']",90.0,6.4,2196,Distrib.,37100.0,7300000.0
The Front Runner,2018,"['Biography', 'Drama', 'History']",113.0,6.2,6372,Sony,2000000.0,1200000.0
Detective K: Secret of the Living Dead,2018,"['Comedy', 'Crime']",120.0,6.1,269,WGUSA,104000.0,18500000.0
Let Me In,2017,['Horror'],74.0,5.1,7,Over.,12100000.0,12000000.0
If Beale Street Could Talk,2018,"['Drama', 'Romance']",119.0,7.2,25512,Annapurna,14900000.0,5700000.0
Stronger,2016,"['Action', 'Sport']",47.0,8.4,8,RAtt.,4200000.0,4200000.0
Wolf Warrior 2,2017,"['Action', 'Drama', 'Thriller']",123.0,6.2,5684,HC,2700000.0,867600000.0
Destroyer,2018,"['Action', 'Crime', 'Drama']",121.0,6.2,13683,Annapurna,1500000.0,4000000.0
Unsane,2018,"['Drama', 'Horror', 'Mystery']",98.0,6.4,32049,BST,7700000.0,6600000.0
Take Point,2018,['Action'],119.0,5.6,431,CJ,112000.0,0.0
Along with the Gods: The Two Worlds,2017,"['Action', 'Drama', 'Fantasy']",139.0,7.3,9190,WGUSA,1900000.0,0.0
The Fortress,2017,"['Action', 'Drama', 'History']",140.0,6.8,1094,CJ,253000.0,0.0
"Nico, 1988",2017,"['Biography', 'Drama', 'Music']",93.0,6.8,1007,Magn.,73300.0,0.0
What Will People Say,2017,['Drama'],106.0,7.5,3040,KL,44200.0,0.0
Blindspotting,2018,"['Comedy', 'Crime', 'Drama']",95.0,7.4,17165,LG/S,4300000.0,530000.0
The Swindlers,2017,"['Action', 'Crime']",117.0,6.4,1040,WGUSA,242000.0,0.0
RV: Resurrected Victims,2017,"['Action', 'Mystery', 'Thriller']",91.0,5.7,278,WGUSA,20400.0,0.0
Burning,2018,"['Drama', 'Mystery']",148.0,7.6,22671,WGUSA,719000.0,0.0
The Dawn Wall,2017,"['Adventure', 'Biography', 'Documentary']",100.0,8.1,6993,Orch.,112000.0,0.0
Singularity,2017,"['Action', 'Adventure', 'Drama']",92.0,3.9,12230,VE,4200.0,0.0
The Silence,2019,"['Horror', 'Thriller']",90.0,5.2,22399,MBox,100000.0,132000.0
Uncle Drew,2018,"['Comedy', 'Sport']",103.0,5.7,9739,LG/S,42500000.0,4200000.0
I Can Speak,2017,"['Comedy', 'Drama']",119.0,7.4,1105,CJ,63200.0,0.0
BlacKkKlansman,2018,"['Biography', 'Crime', 'Drama']",135.0,7.5,149005,Focus,49300000.0,44000000.0
Maria by Callas,2017,"['Biography', 'Documentary', 'Music']",119.0,7.2,867,SPC,1300000.0,0.0
"Paul, Apostle of Christ",2018,"['Adventure', 'Biography', 'Drama']",108.0,6.7,5662,Affirm,17600000.0,5500000.0
Instant Family,2018,"['Comedy', 'Drama']",118.0,7.4,46728,Par.,67400000.0,53200000.0
Happy Ending,2018,['Comedy'],96.0,5.8,79,Eros,314000.0,0.0
Teen Titans Go! To the Movies,2018,"['Action', 'Animation', 'Comedy']",84.0,6.8,12525,WB,29800000.0,22300000.0
Last Night,2017,['Drama'],104.0,6.8,110,Trib.,99000.0,7600000.0
Hugo,2017,['Documentary'],80.0,7.9,11,Par.,73900000.0,111900000.0
Explosion,2017,"['Action', 'Thriller']",106.0,5.8,148,CL,123000.0,0.0
Only You,2018,"['Drama', 'Romance']",119.0,6.9,41,CL,61600.0,0.0
The Great Wall,2017,['Documentary'],72.0,6.5,24,Uni.,45500000.0,289400000.0
Eden,2019,"['Crime', 'Drama']",85.0,8.0,11,BG,65500.0,0.0
Ben Is Back,2018,['Drama'],103.0,6.7,10402,RAtt.,3700000.0,0.0
Vision,2018,['Drama'],109.0,5.4,322,Zeit.,435000.0,4600000.0
Namaste England,2018,"['Comedy', 'Drama', 'Romance']",141.0,1.6,2087,Eros,104000.0,0.0
Namiya,2017,"['Drama', 'Fantasy']",116.0,5.0,276,CL,70800.0,35300000.0
Searching,2018,"['Drama', 'Mystery', 'Thriller']",102.0,7.7,97991,SGem,26000000.0,49400000.0
Soorma,2018,"['Biography', 'Drama', 'Sport']",131.0,7.4,3606,Sony,390000.0,6200000.0
SuperFly,2018,"['Action', 'Crime', 'Thriller']",116.0,5.0,4753,Sony,20500000.0,236000.0
Cake,2018,"['Drama', 'Mystery', 'Romance']",125.0,7.6,581,CLF,2000000.0,0.0
Batti Gul Meter Chalu,2018,['Drama'],161.0,6.3,3931,Eros,250000.0,0.0
Genius,2018,"['Action', 'Thriller']",165.0,4.7,747,RAtt.,1400000.0,4300000.0
Tomorrowland,2017,['Documentary'],70.0,6.3,7,BV,93400000.0,115700000.0
My Hero Academia: Two Heroes,2018,"['Action', 'Adventure', 'Animation']",96.0,7.8,3203,FUN,5800000.0,0.0
Detective Chinatown 2,2018,"['Action', 'Comedy', 'Mystery']",121.0,6.1,1250,WB,2000000.0,542100000.0
Free Solo,2018,"['Documentary', 'Sport']",100.0,8.2,32250,NGE,17500000.0,0.0
Hereditary,2018,"['Drama', 'Horror', 'Mystery']",127.0,7.3,151571,A24,44100000.0,35300000.0
Spotlight,2015,['Drama'],99.0,8.0,12,ORF,45100000.0,53200000.0
Conviction,2018,['Drama'],110.0,7.0,234,FoxS,6800000.0,2900000.0
Abduction,2019,"['Action', 'Sci-Fi']",106.0,6.1,1592,LGF,28100000.0,54000000.0
Girls vs Gangsters,2018,"['Comedy', 'Drama']",120.0,3.3,148,WGUSA,37100.0,0.0
Happy Phirr Bhag Jayegi,2018,['Comedy'],136.0,4.6,887,Eros,103000.0,0.0
They Shall Not Grow Old,2018,"['Documentary', 'History', 'War']",99.0,8.4,15612,WB,18000000.0,0.0
Tooth Fairy,2019,['Horror'],86.0,2.6,64,Fox,60000000.0,52400000.0
Karwaan,2018,"['Comedy', 'Drama']",114.0,7.5,8456,PackYourBag,182000.0,0.0
Ya Veremos,2018,['Drama'],85.0,5.5,505,PNT,4200000.0,0.0
The Mule,2018,"['Crime', 'Drama', 'Thriller']",116.0,7.1,58955,WB,103800000.0,68700000.0
The Past,2018,"['Drama', 'Horror']",120.0,7.4,54,SPC,1300000.0,9300000.0
Archipelago,2017,['Documentary'],61.0,6.1,46,KL,7800.0,492000.0
Shoplifters,2018,"['Crime', 'Drama']",121.0,8.0,31228,Magn.,3300000.0,0.0
Nobody's Fool,2018,"['Comedy', 'Drama', 'Romance']",110.0,4.6,3618,Par.,31700000.0,1800000.0
Andhadhun,2018,"['Crime', 'Thriller']",139.0,8.5,43409,Eros,1200000.0,0.0
Gonjiam: Haunted Asylum,2018,"['Horror', 'Mystery']",95.0,6.1,2585,WGUSA,115000.0,0.0
Capernaum,2018,['Drama'],126.0,8.5,20215,SPC,1700000.0,0.0
One Day,2018,['Drama'],99.0,7.2,501,Focus,13800000.0,45500000.0
The Spy Gone North,2018,['Drama'],137.0,7.2,1620,CJ,501000.0,0.0
The Chambermaid,2018,['Drama'],102.0,7.1,147,FM,300.0,0.0
Aurora,2018,['Drama'],98.0,6.3,7,CGld,5700.0,5100.0
How Long Will I Love U,2018,['Romance'],101.0,6.5,607,WGUSA,747000.0,82100000.0
Disconnect,2018,"['Comedy', 'Romance']",107.0,8.1,15,LD,1400000.0,0.0
Helicopter Eela,2018,['Drama'],135.0,5.4,673,Eros,72000.0,0.0
Aurora,2019,"['Comedy', 'Drama', 'Romance']",106.0,7.5,200,CGld,5700.0,5100.0
Jackpot,2018,"['Comedy', 'Romance']",150.0,7.8,18,DR,800.0,1100000.0
Diana,2018,['Mystery'],101.0,7.0,23,EOne,335000.0,21400000.0
Aurora,2018,"['Horror', 'Thriller']",110.0,4.3,298,CGld,5700.0,5100.0
Red,2018,['Drama'],90.0,8.1,26,Sum.,90400000.0,108600000.0
Joy,2018,['Drama'],99.0,6.5,430,Fox,56500000.0,44700000.0
Maggie,2018,['Drama'],88.0,6.4,16,RAtt.,187000.0,0.0
The Negotiation,2018,"['Documentary', 'History', 'War']",89.0,7.6,43,CJ,111000.0,0.0
Last Letter,2018,"['Drama', 'Romance']",114.0,6.4,322,CL,181000.0,0.0
Burn the Stage: The Movie,2018,"['Documentary', 'Music']",84.0,8.8,2067,Trafalgar,4200000.0,16100000.0
Eden,2018,['Drama'],97.0,6.7,20,BG,65500.0,0.0
Unstoppable,2018,"['Action', 'Crime']",116.0,6.5,576,Fox,81600000.0,86200000.0
Neighbors,2018,"['Comedy', 'Drama']",90.0,7.6,18,Uni.,150200000.0,120500000.0
The Gambler,2019,"['Action', 'Sci-Fi', 'Thriller']",121.0,6.1,10,Par.,33700000.0,5600000.0
Unstoppable,2019,['Documentary'],84.0,8.1,8,Fox,81600000.0,86200000.0
